name,street,city,postal,province,full_address,X,Y,date,link
LOBLAW PHARMACY,290 KING GEORGE RD N,BRANTFORD,N3R5L8,Ontario,290 KING GEORGE RD N BRANTFORD N3R5L8,43.1813869,-80.2786487,2021-04-11,
SHOPPERS DRUG MART #1018,1865 SCUGOG STREET,PORT PERRY,L9L1J3,Ontario,1865 SCUGOG STREET PORT PERRY L9L1J3,44.101183,-78.9411105,2021-04-11,
LOBLAW PHARMACY 1001,1792 LIVERPOOL RD,PICKERING,L1V1V9,Ontario,1792 LIVERPOOL RD PICKERING L1V1V9,43.8323974,-79.09116,2021-04-11,
SHOPPERS DRUG MART #618,1355 KINGSTON RD,PICKERING,L1V1B8,Ontario,1355 KINGSTON RD PICKERING L1V1B8,43.8361864,-79.0860415,2021-04-11,
SHOPPERS DRUG MART #967,314 HARWOOD AVE,AJAX,L1S2J1,Ontario,314 HARWOOD AVE AJAX L1S2J1,43.8456861,-79.0208886,2021-04-11,
CLINIC PHARMACY,117 KING ST E,OSHAWA,L1H1B9,Ontario,117 KING ST E OSHAWA L1H1B9,43.8983198,-78.8594526,2021-04-11,
DURHAM PHARMACY,462 PAXTON ST,PORT PERRY,L9L1L9,Ontario,462 PAXTON ST PORT PERRY L9L1L9,44.1041545,-78.9538813,2021-04-11,
SHOPPERS DRUG MART #931,232 TORONTO STREET SOUTH,UXBRIDGE,L9P0C4,Ontario,232 TORONTO STREET SOUTH UXBRIDGE L9P0C4,44.0966515,-79.1293634,2021-04-11,
REXALL #1602,28 & 29-1822 WHITES RD,PICKERING,L1V4M1,Ontario,28 & 29-1822 WHITES RD PICKERING L1V4M1,43.83041,-79.122154,2021-04-11,
SHOPPERS DRUG MART #1167,3100 GARDEN ST,WHITBY,L1R2G8,Ontario,3100 GARDEN ST WHITBY L1R2G8,43.9021437,-78.9422855,2021-04-11,
HEALTH CENTRE PHARMACY,1450 HWY 2,COURTICE,L1E3C3,Ontario,1450 HWY 2 COURTICE L1E3C3,43.9074265,-78.8076018,2021-04-11,
LOVELL DRUGS LTD,500 ROSSLAND RD W,OSHAWA,L1J3H2,Ontario,500 ROSSLAND RD W OSHAWA L1J3H2,43.9114887,-78.8903642,2021-04-11,
SHOPPERS DRUG MART #1404,570 LONGWORTH AVE,BOWMANVILLE,L1C0H4,Ontario,570 LONGWORTH AVE BOWMANVILLE L1C0H4,43.9304291,-78.6896858,2021-04-11,
WAL-MART PHARMACY,4100 BALDWIN ST S,WHITBY,L1R3H8,Ontario,4100 BALDWIN ST S WHITBY L1R3H8,43.9178112,-78.9602882,2021-04-11,
WAL-MART PHARMACY,270 KINGSTON RD E RR 1,AJAX,L1Z1G1,Ontario,270 KINGSTON RD E RR 1 AJAX L1Z1G1,43.8673669,-79.0134488,2021-04-11,
SHOPPERS DRUG MART #1249,784 TAUNTON RD E,OSHAWA,L1K1B7,Ontario,784 TAUNTON RD E OSHAWA L1K1B7,43.9399235,-78.8514467,2021-04-11,
LOBLAW PHARMACY #2842,481 GIBB ST,OSHAWA,L1J1Z4,Ontario,481 GIBB ST OSHAWA L1J1Z4,43.8851513,-78.8780715,2021-04-11,
SCOTTS DRUG MART,1000 SIMCOE ST N,OSHAWA,L1G4W4,Ontario,1000 SIMCOE ST N OSHAWA L1G4W4,43.9240793,-78.8759015,2021-04-11,
WAL-MART PHARMACY,1899 BROCK RD,PICKERING,L1V4H7,Ontario,1899 BROCK RD PICKERING L1V4H7,43.8449693,-79.0721407,2021-04-11,
SHOPPERS DRUG MART #1235,1971 SALEM ROAD NORTH,AJAX,L1T0J9,Ontario,1971 SALEM ROAD NORTH AJAX L1T0J9,43.897093,-79.029985,2021-04-11,
SHOPPERS DRUG MART #1238,4081 THICKSON ROAD NORTH,WHITBY,L1R2X3,Ontario,4081 THICKSON ROAD NORTH WHITBY L1R2X3,43.9233687,-78.9259071,2021-04-11,
PRESCRIPTION PHARMACY,11 GIBB ST,OSHAWA,L1H2J9,Ontario,11 GIBB ST OSHAWA L1H2J9,43.8900162,-78.8608237,2021-04-11,
COURTICE PHARMASAVE,2727 COURTICE RD,COURTICE,L1E3A2,Ontario,2727 COURTICE RD COURTICE L1E3A2,43.9115811,-78.7770183,2021-04-11,
SHOPPERS DRUG MART #1222,1105 KINGSTON ROAD,PICKERING,L1V1B5,Ontario,1105 KINGSTON ROAD PICKERING L1V1B5,43.8296738,-79.0949352,2021-04-11,
LOBLAW PHARMACY #1058,200 TAUNTON RD W,WHITBY,L1R3H8,Ontario,200 TAUNTON RD W WHITBY L1R3H8,43.9160549,-78.9618758,2021-04-11,
REXALL #1705,17-475 WESTNEY RD NORTH,AJAX,L1T3H4,Ontario,17-475 WESTNEY RD NORTH AJAX L1T3H4,43.8600936,-79.0410491,2021-04-11,
PHARMA PLUS #1701,240 HARWOOD AVE SOUTH,AJAX,L1S2N6,Ontario,240 HARWOOD AVE SOUTH AJAX L1S2N6,43.8480683,-79.0212747,2021-04-11,
BOWEN'S PHARMACY,88 HARWOOD AVENUE SOUTH,AJAX,L1S2H6,Ontario,88 HARWOOD AVENUE SOUTH AJAX L1S2H6,43.8503145,-79.0218166,2021-04-11,
PICKERING MEDICAL PHARMACY,1885 GLENANNA RD,PICKERING,L1V6R6,Ontario,1885 GLENANNA RD PICKERING L1V6R6,43.8385161,-79.0855221,2021-04-11,
DRUGSTORE PHARMACY #552,323 TORONTO ST S,UXBRIDGE,L9P1N2,Ontario,323 TORONTO ST S UXBRIDGE L9P1N2,44.0896959,-79.1308162,2021-04-11,
SHOPPERS DRUG MART #1413,95 WILLIAMSON DRIVE WEST,AJAX,L1T0K9,Ontario,95 WILLIAMSON DRIVE WEST AJAX L1T0K9,43.8845018,-79.0461347,2021-04-11,
MAIN DRUG MART,1450 KINGSTON RD,PICKERING,L1V1C1,Ontario,1450 KINGSTON RD PICKERING L1V1C1,43.8417711,-79.0840136,2021-04-11,
SHOPPERS DRUG MART #1426,2045 SIMCOE ST N,OSHAWA,L1H7K4,Ontario,2045 SIMCOE ST N OSHAWA L1H7K4,43.9468763,-78.8937246,2021-04-11,
LOBLAW PHARMACY #1064,2375 HWY 2,BOWMANVILLE,L1C5A3,Ontario,2375 HWY 2 BOWMANVILLE L1C5A3,43.9083996,-78.7109503,2021-04-11,
BROOKLIN PHARMACY,65 BALDWIN ST,BROOKLIN,L1M1A3,Ontario,65 BALDWIN ST BROOKLIN L1M1A3,43.9576056,-78.9601556,2021-04-11,
SUPER RX PHARMACY LTD,1725 KINGSTON RD UNIT 9,PICKERING,L1V4L9,Ontario,1725 KINGSTON RD UNIT 9 PICKERING L1V4L9,43.8487844,-79.071542,2021-04-11,
PHARMASAVE MDCNE CHEST PHRMCY,2-221 KING ST E,BOWMANVILLE,L1C1P7,Ontario,2-221 KING ST E BOWMANVILLE L1C1P7,43.9123629,-78.6888661,2021-04-11,
WALMART PHARMACY,1300 KING ST EAST,OSHAWA,L1H8J4,Ontario,1300 KING ST EAST OSHAWA L1H8J4,43.9073746,-78.8149033,2021-04-11,
SHOPPERS DRUG MART #983,199 WENTWORTH ST W,OSHAWA,L1J6P4,Ontario,199 WENTWORTH ST W OSHAWA L1J6P4,43.8698517,-78.8499428,2021-04-11,
HARWOOD PHARMACY,1-580 HARWOOD AVENUE SOUTH,AJAX,L1S2J4,Ontario,1-580 HARWOOD AVENUE SOUTH AJAX L1S2J4,43.8605589,-79.0255522,2021-04-11,
DURHAM DRUG STORE,780 KINGSTON RD,PICKERING,L1V1C5,Ontario,780 KINGSTON RD PICKERING L1V1C5,43.8220295,-79.112337,2021-04-11,
FOOD BASICS PHARMACY #564,280 HARWOOD AVE S,AJAX,L1S2J1,Ontario,280 HARWOOD AVE S AJAX L1S2J1,43.845992,-79.021327,2021-04-11,
RITSON PHARMACY,8A-250 TAUNTON RD EAST,OSHAWA,L1G7T1,Ontario,8A-250 TAUNTON RD EAST OSHAWA L1G7T1,43.9355357,-78.8704652,2021-04-11,
SOBEYS PHARMACY #7203,260 KINGSTON RD,AJAX,L1T4E4,Ontario,260 KINGSTON RD AJAX L1T4E4,43.8596564,-79.0371374,2021-04-11,
SOBEYS PHARMACY # 7207,1377 WILSON ST N,OSHAWA,L1K2Z5,Ontario,1377 WILSON ST N OSHAWA L1K2Z5,43.938853,-78.8585238,2021-04-11,
PEOPLES CHOICE DRUG MART,A2-1755 PICKERING PARKWAY,PICKERING,L1V6K5,Ontario,A2-1755 PICKERING PARKWAY PICKERING L1V6K5,43.8420252,-79.0669772,2021-04-11,
CUSTOM CARE PHCY & COMPOUNDING,6-501 COLDSTREAM DRIVE,OSHAWA,L1K3B3,Ontario,6-501 COLDSTREAM DRIVE OSHAWA L1K3B3,43.944184,-78.8720057,2021-04-11,
LOVELL DRUGS,8 KING ST E,OSHAWA,L1H1A9,Ontario,8 KING ST E OSHAWA L1H1A9,43.897857,-78.863319,2021-04-11,
METRO PHARMACY #543,243 KING ST E,BOWMANVILLE,L1C3X1,Ontario,243 KING ST E BOWMANVILLE L1C3X1,43.9111271,-78.6733799,2021-04-11,
INTREPID PHARMACY,500-379 BOND ST W,OSHAWA,L1J8R7,Ontario,500-379 BOND ST W OSHAWA L1J8R7,43.8950722,-78.8778872,2021-04-11,
BLUESKIES PHARMACY,2-1298 KINGSTON RD,PICKERING,L1V3M9,Ontario,2-1298 KINGSTON RD PICKERING L1V3M9,43.8515452,-79.0690735,2021-04-11,
KINGSTON PHARMACY,65 KINGSTON RD UNIT 1,AJAX,L1S7J4,Ontario,65 KINGSTON RD UNIT 1 AJAX L1S7J4,43.8614781,-79.0212867,2021-04-11,
AJAX PHARMACHOICE,101-901 HARWOOD AVE N,AJAX,L1Z0T4,Ontario,101-901 HARWOOD AVE N AJAX L1Z0T4,43.8783587,-79.0256895,2021-04-11,
HARWOOD MEDICAL PHARMACY,19 HARWOOD AVE S,AJAX,L1S2B9,Ontario,19 HARWOOD AVE S AJAX L1S2B9,43.8591008,-79.0243097,2021-04-11,
AJAX GUARDIAN PHARMACY,6-603 CHURCH ST NORTH,AJAX,L1T0B8,Ontario,6-603 CHURCH ST NORTH AJAX L1T0B8,43.8547331,-79.0555357,2021-04-11,
TRAIL CAPITAL PHARMACY,A35-2 DOUGLAS ROAD,UXBRIDGE,L9P1S9,Ontario,A35-2 DOUGLAS ROAD UXBRIDGE L9P1S9,44.0916813,-79.1312297,2021-04-11,
WYNPLUS PHARMACY,A7-81 MIDDLECOTE DR,AJAX,L1T0K3,Ontario,A7-81 MIDDLECOTE DR AJAX L1T0K3,43.8962212,-79.0331639,2021-04-11,
SHOPPERS DRUG MART #606,1236 BROOKDALE AVE,CORNWALL,K6J4P8,Ontario,1236 BROOKDALE AVE CORNWALL K6J4P8,45.0284321,-74.7539927,2021-04-11,
FRESHCO PHARMACY #7268,525 NINTH ST E,CORNWALL,K6H0A3,Ontario,525 NINTH ST E CORNWALL K6H0A3,45.0327538,-74.7228175,2021-04-11,
WAL-MART PHARMACY,3001 RICHELIUE ST,ROCKLAND,K4K0B5,Ontario,3001 RICHELIUE ST ROCKLAND K4K0B5,45.5322464,-75.3059486,2021-04-11,
SHOPPERS DRUG MART #1002,100 10TH ST W,OWEN SOUND,N4K3P9,Ontario,100 10TH ST W OWEN SOUND N4K3P9,44.5683428,-80.9448779,2021-04-11,
MCKENZIE'S PHARMACY LTD,608 BERFORD ST,WIARTON,N0H2T0,Ontario,608 BERFORD ST WIARTON N0H2T0,44.7433655,-81.1411777,2021-04-11,
GORDON PHARMASAVE,767 QUEEN ST,KINCARDINE,N2Z2Z4,Ontario,767 QUEEN ST KINCARDINE N2Z2Z4,44.1762894,-81.635488,2021-04-11,
SHOPPERS DRUG MART #1418,895 10TH STREET,HANOVER,N4N1S4,Ontario,895 10TH STREET HANOVER N4N1S4,44.1550807,-81.0048042,2021-04-11,
REXALL #1644,174 ALBERT ST SOUTH,SOUTHAMPTON,N0H2L0,Ontario,174 ALBERT ST SOUTH SOUTHAMPTON N0H2L0,44.4893069,-81.3757291,2021-04-11,
LOBLAW PHARMACY #563,1150 16TH ST E,OWEN SOUND,N4K1Z3,Ontario,1150 16TH ST E OWEN SOUND N4K1Z3,44.5746755,-80.9245756,2021-04-11,
MEAFORD IDA PHARMACY,3-334 SYKES ST,MEAFORD,N4L1X1,Ontario,3-334 SYKES ST MEAFORD N4L1X1,44.5979491,-80.5866584,2021-04-11,
REXALL PHARMA PLUS #1719,1116 SUTTON ST,KINCARDINE,N2Z2C6,Ontario,1116 SUTTON ST KINCARDINE N2Z2C6,44.1799938,-81.6162663,2021-04-11,
REXALL PHARMA PLUS #2312,1507-9TH AVENUE EAST,OWEN SOUND,N4K3E9,Ontario,1507-9TH AVENUE EAST OWEN SOUND N4K3E9,44.570175,-80.9275997,2021-04-11,
MCKECHNIE PHARMACY LTD,44 QUEEN ST,KINCARDINE,N2Z3C1,Ontario,44 QUEEN ST KINCARDINE N2Z3C1,44.1862335,-81.6283318,2021-04-11,
PELLOWS PHARMACY,232 DURHAM ST E,WALKERTON,N0G2V0,Ontario,232 DURHAM ST E WALKERTON N0G2V0,44.1334975,-81.1489714,2021-04-11,
SHOPPERS DRUG MART 1016,270 SPRING ST,COBOURG,K9A3K2,Ontario,270 SPRING ST COBOURG K9A3K2,43.9602051,-78.1704267,2021-04-11,
SHOPPERS DRUG MART #1538,85 BOLTON STREET,BOBCAYGEON,K0M1A0,Ontario,85 BOLTON STREET BOBCAYGEON K0M1A0,44.5360708,-78.5443165,2021-04-11,
PHARMACY 101,464 DIVISION ST,COBOURG,K9A3S2,Ontario,464 DIVISION ST COBOURG K9A3S2,43.9658262,-78.1675736,2021-04-11,
YORK SUPER PHARMACY,"MIDTOWN MALL, 500 DIVISION ST",COBOURG,K9A3S4,Ontario,"MIDTOWN MALL, 500 DIVISION ST COBOURG K9A3S4",43.9671148,-78.1676087,2021-04-11,
MAC LAREN PHARMACY,79 BRIDGE ST E,CAMPBELLFORD,K0L1L0,Ontario,79 BRIDGE ST E CAMPBELLFORD K0L1L0,44.3078176,-77.7959602,2021-04-11,
PHARMA PLUS #2238,57-401 KENT ST WEST,LINDSAY,K9V4Z1,Ontario,57-401 KENT ST WEST LINDSAY K9V4Z1,44.3485348,-78.7612138,2021-04-11,
REXALL #6999,224 HIGHLAND ST,HALIBURTON,K0M1S0,Ontario,224 HIGHLAND ST HALIBURTON K0M1S0,45.046088,-78.5081119,2021-04-11,
FENELON FALLS PHARMACY,53 COLBORNE ST,FENELON FALLS,K0M1N0,Ontario,53 COLBORNE ST FENELON FALLS K0M1N0,44.5376175,-78.7361745,2021-04-11,
SHOPPERS DRUG MART #1530,186 HIGHLAND ST,HALIBURTON,K0M1S0,Ontario,186 HIGHLAND ST HALIBURTON K0M1S0,45.045408,-78.5105054,2021-04-11,
VILLAGE GATE PHARMASAVE,101 EAST STREET,BOBCAYGEON,K0M1A0,Ontario,101 EAST STREET BOBCAYGEON K0M1A0,44.5462128,-78.5420441,2021-04-11,
LOBLAW PHARMACY 1022,400 KENT ST W,LINDSAY,K9V6K2,Ontario,400 KENT ST W LINDSAY K9V6K2,44.3507217,-78.7613368,2021-04-11,
LOBLAW PHARMACY #4265,20 JOCELYN ST,PORT HOPE,L1A3V7,Ontario,20 JOCELYN ST PORT HOPE L1A3V7,43.9605369,-78.3206547,2021-04-11,
BRIGHTON REMEDY'S RX,24 MAIN STREET,BRIGHTON,K0K2H0,Ontario,24 MAIN STREET BRIGHTON K0K2H0,44.805719,-71.854842,2021-04-11,
R.X DRUG MART,51 KENT ST W,LINDSAY,K9V2X9,Ontario,51 KENT ST W LINDSAY K9V2X9,44.3550354,-78.7358383,2021-04-11,
REXALL PHARMA PLUS #2121,86 ANGELINE ST SOUTH,LINDSAY,K9V3L5,Ontario,86 ANGELINE ST SOUTH LINDSAY K9V3L5,44.3455125,-78.7478807,2021-04-11,
SHOPPERS DRUG MART 3080,249 ONTARIO ST,PORT HOPE,L1A3Y9,Ontario,249 ONTARIO ST PORT HOPE L1A3Y9,43.9631194,-78.2898346,2021-04-11,
DRUGSTORE PHARMACY #4264,5121 COUNTY RD 21,HALIBURTON,K0M1S0,Ontario,5121 COUNTY RD 21 HALIBURTON K0M1S0,45.0461693,-78.5358296,2021-04-11,
SHOPPERS DRUG MART 1042,501-503 PLAINS RD E,BURLINGTON,L7T2E2,Ontario,501-503 PLAINS RD E BURLINGTON L7T2E2,43.31922,-79.83685,2021-04-11,
SHOPPERS DRUG MART #1206,1450 HEADON RD,BURLINGTON,L7M3Z5,Ontario,1450 HEADON RD BURLINGTON L7M3Z5,43.3727994,-79.8093304,2021-04-11,
SHOPPERS DRUG MART #710,75 NIPISSING RD,MILTON,L9T1R3,Ontario,75 NIPISSING RD MILTON L9T1R3,43.519808,-79.874284,2021-04-11,
SHOPPERS DRUG MART #744,550 KERR ST,OAKVILLE,L6K3C7,Ontario,550 KERR ST OAKVILLE L6K3C7,43.4465199,-79.6888853,2021-04-11,
SHOPPERS DRUG MART 707,265 GUELPH ST A,GEORGETOWN,L7G4B1,Ontario,265 GUELPH ST A GEORGETOWN L7G4B1,43.6500601,-79.8935877,2021-04-11,
SHOPPERS DRUG MART #706,351 CORNWALL RD,OAKVILLE,L6J7Z5,Ontario,351 CORNWALL RD OAKVILLE L6J7Z5,43.4577274,-79.6777857,2021-04-11,
SHOPPERS DRUG MART #996,2297 LAKESHORE RD W,OAKVILLE,L6L1H2,Ontario,2297 LAKESHORE RD W OAKVILLE L6L1H2,43.3987469,-79.7074274,2021-04-11,
WAL-MART PHARMACY,300 GUELPH STREET,GEORGETOWN,L7G4B2,Ontario,300 GUELPH STREET GEORGETOWN L7G4B2,43.6488391,-79.8969617,2021-04-11,
SHOPPERS DRUG MART #1168,252 QUEEN ST,ACTON,L7J1P6,Ontario,252 QUEEN ST ACTON L7J1P6,43.6339786,-80.031311,2021-04-11,
SHOPPERS DRUG MART #878,478 DUNDAS ST W,OAKVILLE,L6H6Y3,Ontario,478 DUNDAS ST W OAKVILLE L6H6Y3,43.4653619,-79.7428151,2021-04-11,
SHOPPERS DRUG MART #726,2080 APPLEBY LINE,BURLINGTON,L7L6M6,Ontario,2080 APPLEBY LINE BURLINGTON L7L6M6,43.3972487,-79.7970157,2021-04-11,
SHOPPERS DRUG MART #1218,2211 BRANT ST,BURLINGTON,L7P0A1,Ontario,2211 BRANT ST BURLINGTON L7P0A1,43.3578908,-79.8441173,2021-04-11,
SHOPPERS DRUG MART #1203,2525 PRINCE MICHAEL DR,OAKVILLE,L6H0E9,Ontario,2525 PRINCE MICHAEL DR OAKVILLE L6H0E9,43.4984959,-79.7069453,2021-04-11,
LOBLAW PHARMACY,2025 GUELPH LINE,BURLINGTON,L7P4M8,Ontario,2025 GUELPH LINE BURLINGTON L7P4M8,43.3667792,-79.8224957,2021-04-11,
THE DRUG STORE PHARMACY #1190,173 LAKESHORE ROAD W,OAKVILLE,L6K1E7,Ontario,173 LAKESHORE ROAD W OAKVILLE L6K1E7,43.4380766,-79.677055,2021-04-11,
SHOPPERS DRUG MART #740,D001-777 GUELPH LINE,BURLINGTON,L7R3N2,Ontario,D001-777 GUELPH LINE BURLINGTON L7R3N2,43.3485131,-79.7935979,2021-04-11,
WAL-MART PHARMACY,2065 FAIRVIEW ST,BURLINGTON,L7R0B4,Ontario,2065 FAIRVIEW ST BURLINGTON L7R0B4,43.3377649,-79.8119893,2021-04-11,
SHOPPERS DRUG MART #683,5353 LAKESHORE ROAD EAST,BURLINGTON,L7L1C8,Ontario,5353 LAKESHORE ROAD EAST BURLINGTON L7L1C8,43.3681307,-79.7328835,2021-04-11,
LOBLAW PHARMACY #2810,820 MAIN ST E,MILTON,L9T0J4,Ontario,820 MAIN ST E MILTON L9T0J4,43.5254047,-79.8662586,2021-04-11,
LOBLAW PHARMACY #4067,1059 PLAINS RD E,BURLINGTON,L7T4K1,Ontario,1059 PLAINS RD E BURLINGTON L7T4K1,43.3269263,-79.8308774,2021-04-11,
REXALL,372 QUEEN ST,ACTON,L7J2Y5,Ontario,372 QUEEN ST ACTON L7J2Y5,43.6381435,-80.0254591,2021-04-11,
REXALL #2444,"2441 LAKESSHORE RD WEST, UNIT 100",OAKVILLE,L6L1H6,Ontario,"2441 LAKESSHORE RD WEST, UNIT 100 OAKVILLE L6L1H6",43.3954137,-79.7122048,2021-04-11,
HOLLY PHARMACY,611 HOLLY AVE,MILTON,L9T0K4,Ontario,611 HOLLY AVE MILTON L9T0K4,43.5116968,-79.8553973,2021-04-11,
LOBLAW PHARMACY #1024,201 OAK PARK BLVD,OAKVILLE,L6H7T4,Ontario,201 OAK PARK BLVD OAKVILLE L6H7T4,43.4838817,-79.7222847,2021-04-11,
MOUNTAINSIDE PHARMACY,1900 WALKERS LINE,BURLINGTON,L7M4W5,Ontario,1900 WALKERS LINE BURLINGTON L7M4W5,43.3783041,-79.8062103,2021-04-11,
SHOPPERS DRUG MART #1493,3035 APPLEBY LINE,BURLINGTON,L7M0V7,Ontario,3035 APPLEBY LINE BURLINGTON L7M0V7,43.4079555,-79.8085515,2021-04-11,
REXALL,2400 GUELPH LINE,BURLINGTON,L7P4M7,Ontario,2400 GUELPH LINE BURLINGTON L7P4M7,43.3744364,-79.8363271,2021-04-11,
SHOPPERS DRUG MART #745,109A-240 LEIGHLAND AVENUE,OAKVILLE,L6H3H6,Ontario,109A-240 LEIGHLAND AVENUE OAKVILLE L6H3H6,43.461607,-79.6868686,2021-04-11,
FAIRWAYS DRUG STORE,1500 UPPER MIDDLE RD W,OAKVILLE,L6M3G3,Ontario,1500 UPPER MIDDLE RD W OAKVILLE L6M3G3,43.4380565,-79.741039,2021-04-11,
PROGRESSIVE PHARMACY,3-678 GUELPH LINE,BURLINGTON,L7R3M8,Ontario,3-678 GUELPH LINE BURLINGTON L7R3M8,43.3436481,-79.7935127,2021-04-11,
BRONTE CENTRE PHARMACY,78 JONES ST,OAKVILLE,L6L6C5,Ontario,78 JONES ST OAKVILLE L6L6C5,43.3951341,-79.7095313,2021-04-11,
LOBLAW PHARMACY #4339,5111 NEW ST,BURLINGTON,L7L1V2,Ontario,5111 NEW ST BURLINGTON L7L1V2,43.3692303,-79.7534813,2021-04-11,
PALERO PHARMACY,2525 OLD BRONTE ROAD SUITE100,OAKVILLE,L6M4J2,Ontario,2525 OLD BRONTE ROAD SUITE100 OAKVILLE L6M4J2,43.4356627,-79.7756064,2021-04-11,
WHITE OAKS PHARMACY,B6-360 DUNDAS ST,OAKVILLE,L6H6Z9,Ontario,B6-360 DUNDAS ST OAKVILLE L6H6Z9,43.4872338,-79.7163465,2021-04-11,
METRO PHARMACY #584,2010 APPLEBY LINE,BURLINGTON,L7L6M6,Ontario,2010 APPLEBY LINE BURLINGTON L7L6M6,43.3922581,-79.7937754,2021-04-11,
SHOPPERS DRUG MART #1012,3051 WALKERS LINE,BURLINGTON,L7M0W3,Ontario,3051 WALKERS LINE BURLINGTON L7M0W3,43.3936382,-79.8232836,2021-04-11,
BRANT PLAZA PHARMASAVE,561 BRANT ST,BURLINGTON,L7R2G6,Ontario,561 BRANT ST BURLINGTON L7R2G6,43.3292348,-79.801574,2021-04-11,
LOBLAW PHARMACY #4632,2515 APPLEBY LINE,BURLINGTON,L7L0B6,Ontario,2515 APPLEBY LINE BURLINGTON L7L0B6,43.4070955,-79.8043495,2021-04-11,
DUNDAS NEYAGAWA PHARMACY,479 DUNDAS ST WEST,OAKVILLE,L6M1L9,Ontario,479 DUNDAS ST WEST OAKVILLE L6M1L9,43.4669318,-79.7444098,2021-04-11,
SOBEYS PHARMACY-ABBEY #7230,1500 UPPER MIDDLE RD,OAKVILLE,L6H4L3,Ontario,1500 UPPER MIDDLE RD OAKVILLE L6H4L3,43.4380565,-79.741039,2021-04-11,
TOTAL HEALTH PHARMACY #123,470 BRONTE ST S,MILTON,L9T2J4,Ontario,470 BRONTE ST S MILTON L9T2J4,43.498798,-79.8763432,2021-04-11,
MILTOWNE PHARMACY,210-311 COMMERCIAL ST,MILTON,L9T3Z9,Ontario,210-311 COMMERCIAL ST MILTON L9T3Z9,43.5103972,-79.8756536,2021-04-11,
METRO PHARMACY #571,1050 KENNEDY CIRCLE,MILTON,L9T0J9,Ontario,1050 KENNEDY CIRCLE MILTON L9T0J9,43.5082098,-79.8368761,2021-04-11,
METRO PHARMACY #516,1A-280 NORTH SERVICE RD,OAKVILLE,L6M2S2,Ontario,1A-280 NORTH SERVICE RD OAKVILLE L6M2S2,43.4472708,-79.7053674,2021-04-11,
METRO PHARMACY #565,367 MOUNTAINVIEW RD S,GEORGETOWN,L7G5X3,Ontario,367 MOUNTAINVIEW RD S GEORGETOWN L7G5X3,43.632499,-79.8771354,2021-04-11,
SOBEYS PHARMACY #7272,1035 BRONTE STREET SOUTH,MILTON,L9T8X3,Ontario,1035 BRONTE STREET SOUTH MILTON L9T8X3,43.4887727,-79.8586454,2021-04-11,
SOBEYS PHARMACY #7269,1250 BRANT STREET,BURLINGTON,L7P1X8,Ontario,1250 BRANT STREET BURLINGTON L7P1X8,43.3430212,-79.8289739,2021-04-11,
OAK CITY PHARMACY,107-180 OAK PARK BLVD,OAKVILLE,L6H0A6,Ontario,107-180 OAK PARK BLVD OAKVILLE L6H0A6,43.480665,-79.717596,2021-04-11,
LOBLAW PHARMACY #4925,493 DUNDAS STREET WEST,OAKVILLE,L6M4M2,Ontario,493 DUNDAS STREET WEST OAKVILLE L6M4M2,43.4671912,-79.7453665,2021-04-11,
MORELLI'S GUARDIAN PHARMACY,469 CORNWALL RD,OAKVILLE,L6J7S8,Ontario,469 CORNWALL RD OAKVILLE L6J7S8,43.461803,-79.6752144,2021-04-11,
GEORGETOWN PHARMACY,101-118 MILLS STREET,GEORGETOWN,L7G2C5,Ontario,101-118 MILLS STREET GEORGETOWN L7G2C5,43.6492851,-79.9260515,2021-04-11,
MILLCROFT PHARMACY,D10-2500 APPLEBY LINE,BURLINGTON,L7L0A2,Ontario,D10-2500 APPLEBY LINE BURLINGTON L7L0A2,43.4051209,-79.8074362,2021-04-11,
SHOPPERS DRUG MART #742,101 OSLER DRIVE,DUNDAS,L9H4H4,Ontario,101 OSLER DRIVE DUNDAS L9H4H4,43.2594048,-79.9425394,2021-04-11,
SHOPPERS DRUG MART #754,801 MOHAWK RD W,HAMILTON,L9C6C2,Ontario,801 MOHAWK RD W HAMILTON L9C6C2,43.2330512,-79.9230305,2021-04-11,
SHOPPERS DRUG MART #1299,1411 UPPER SHERMAN AVENUE,HAMILTON,L8W1C4,Ontario,1411 UPPER SHERMAN AVENUE HAMILTON L8W1C4,43.2028274,-79.8593455,2021-04-11,
PARAMOUNT PHARMASAVE,1050 PARAMOUNT DR,STONEY CREEK,L8J1P9,Ontario,1050 PARAMOUNT DR STONEY CREEK L8J1P9,43.19875,-79.7940817,2021-04-11,
REXALL #6946,126 QUEENSTON RD,HAMILTON,L8K1G4,Ontario,126 QUEENSTON RD HAMILTON L8K1G4,43.2353365,-79.7981103,2021-04-11,
SHOPPERS DRUG MART #1053,232 CANNON STREET EAST,HAMILTON,L8L0A6,Ontario,232 CANNON STREET EAST HAMILTON L8L0A6,43.2580116,-79.8570702,2021-04-11,
WAL-MART PHARMACY,675 UPPER JAMES ST,HAMILTON,L9C2Z5,Ontario,675 UPPER JAMES ST HAMILTON L9C2Z5,43.2367725,-79.87701,2021-04-11,
DRUGSTORE PHARMACY #4072,54 WILSON ST W,ANCASTER,L9G1N2,Ontario,54 WILSON ST W ANCASTER L9G1N2,43.2153311,-79.9893781,2021-04-11,
LEE'S DUNDAS PHARMACY,58 KING ST E,DUNDAS,L9H1B8,Ontario,58 KING ST E DUNDAS L9H1B8,43.265551,-79.9511343,2021-04-11,
SHOPPERS DRUG MART #752,661 UPPER JAMES ST,HAMILTON,L9C5R8,Ontario,661 UPPER JAMES ST HAMILTON L9C5R8,43.2370533,-79.8772574,2021-04-11,
LOBLAW PHARMACY #4254,1579 MAIN ST W,HAMILTON,L8S1E6,Ontario,1579 MAIN ST W HAMILTON L8S1E6,43.255467,-79.9285395,2021-04-11,
AXIS HEALTH CARE PLUS PHARMACY,908 GARTH ST,HAMILTON,L9C4L2,Ontario,908 GARTH ST HAMILTON L9C4L2,43.2333813,-79.9010347,2021-04-11,
REXALL,18-2 KING ST WEST,HAMILTON,L8P1A1,Ontario,18-2 KING ST WEST HAMILTON L8P1A1,43.258269,-79.87306,2021-04-11,
LOBLAW PHARMACY #4365,50 DUNDURN ST,HAMILTON,L8P4W3,Ontario,50 DUNDURN ST HAMILTON L8P4W3,43.2614289,-79.8895317,2021-04-11,
PEOPLE'S PHARMACHOICE,4-30 RYMAL RD E,HAMILTON,L9B1T7,Ontario,4-30 RYMAL RD E HAMILTON L9B1T7,43.201882,-79.8920772,2021-04-11,
FIRST PLACE PHARMACY,350 KING ST E,HAMILTON,L8N3Y3,Ontario,350 KING ST E HAMILTON L8N3Y3,43.2530964,-79.8589955,2021-04-11,
RASTIN'S WILSON ST PHARMACY,323 WILSON ST E,ANCASTER,L9G4A8,Ontario,323 WILSON ST E ANCASTER L9G4A8,43.2263173,-79.976931,2021-04-11,
MARCHESE PHARMACY,316 JAMES ST N,HAMILTON,L8L1H2,Ontario,316 JAMES ST N HAMILTON L8L1H2,43.2643587,-79.8655367,2021-04-11,
STONECHURCH PHARMACY,3-25 REDMOND DR,HAMILTON,L8W3K7,Ontario,3-25 REDMOND DR HAMILTON L8W3K7,43.2066077,-79.8645741,2021-04-11,
FOOD BASICS PHARMACY #580,751 UPPER JAMES ST S,HAMILTON,L9C3A1,Ontario,751 UPPER JAMES ST S HAMILTON L9C3A1,43.2298298,-79.8792083,2021-04-11,
METRO PHARMACY #504,1161 BARTON ST E,HAMILTON,L8H2V2,Ontario,1161 BARTON ST E HAMILTON L8H2V2,43.2532844,-79.8126022,2021-04-11,
PHARMASAVE #955,105 KING STREET WEST,DUNDAS,L9H6Y6,Ontario,105 KING STREET WEST DUNDAS L9H6Y6,43.2668435,-79.9581774,2021-04-11,
REXALL #8211,730 UPPER JAMES ST,HAMILTON,L9C2Z9,Ontario,730 UPPER JAMES ST HAMILTON L9C2Z9,43.2309821,-79.8812206,2021-04-11,
CITY CENTRE IDA PHARMACY,77 JAMES ST. N #131,HAMILTON,L8R2K3,Ontario,77 JAMES ST. N #131 HAMILTON L8R2K3,43.2584237,-79.8692337,2021-04-11,
SOBEYS PHARMACY #7213,977 GOLF LINKS RD,ANCASTER,L8G3T9,Ontario,977 GOLF LINKS RD ANCASTER L8G3T9,43.2282066,-79.9436102,2021-04-11,
TLS REGAL CARE DRUG MART,2-480 STONE CHURCH RD E,HAMILTON,L8W0B1,Ontario,2-480 STONE CHURCH RD E HAMILTON L8W0B1,43.2056824,-79.8691025,2021-04-11,
PHARMASAVE #953,1575 UPPER OTTTAWA ST,HAMILTON,L8W3E2,Ontario,1575 UPPER OTTTAWA ST HAMILTON L8W3E2,43.1908364,-79.8433295,2021-04-11,
SHERMAN IDA PHARMACY,675 RYMAL RD E,HAMILTON,L8W1B5,Ontario,675 RYMAL RD E HAMILTON L8W1B5,43.1952799,-79.8627461,2021-04-11,
SUTHERLAND'S PHARMACY LIMITED,180 JAMES ST S,HAMILTON,L8P4V1,Ontario,180 JAMES ST S HAMILTON L8P4V1,43.2512422,-79.8717143,2021-04-11,
RYMAL GAGE PHARMACY,153-905 RYMAL ROAD EAST,HAMILTON,L8W3M2,Ontario,153-905 RYMAL ROAD EAST HAMILTON L8W3M2,43.1929824,-79.8522568,2021-04-11,
SHOPPERS DRUG MART #1460,1341 MAIN ST WEST,HAMILTON,L8S1C6,Ontario,1341 MAIN ST WEST HAMILTON L8S1C6,43.257386,-79.9193497,2021-04-11,
MOUNTAIN VIEW PHARMACY CLINIC,26-1070 STONE CHURCH ROAD EAST,HAMILTON,L8W3K8,Ontario,26-1070 STONE CHURCH ROAD EAST HAMILTON L8W3K8,43.1991646,-79.8430289,2021-04-11,
SHOPPERS DRUG MART #987,150 SIDNEY STREET,BELLEVILLE,K8P5E2,Ontario,150 SIDNEY STREET BELLEVILLE K8P5E2,44.1594696,-77.3988292,2021-04-11,
GEEN'S PHARMASAVE,305 NORTH FRONT ST,BELLEVILLE,K8P3C3,Ontario,305 NORTH FRONT ST BELLEVILLE K8P3C3,44.185119,-77.3930891,2021-04-11,
SHOPPERS DRUG MART #601,390 NORTH FRONT ST,BELLEVILLE,K8P3E1,Ontario,390 NORTH FRONT ST BELLEVILLE K8P3E1,44.189156,-77.3975287,2021-04-11,
SHOPPERS DRUG MART #1309,405 DUNDAS ST E,BELLEVILLE,K8N1E7,Ontario,405 DUNDAS ST E BELLEVILLE K8N1E7,44.1655184,-77.3569382,2021-04-11,
WAL-MART PHARMACY,2ND DUG HILL ROAD,TRENTON,K8V5P7,Ontario,2ND DUG HILL ROAD TRENTON K8V5P7,44.093402,-77.6025443,2021-04-11,
DELLAR'S IDA DRUG STORE,249 VICTORIA ST N,TWEED,K0K3J0,Ontario,249 VICTORIA ST N TWEED K0K3J0,44.4776468,-77.3128863,2021-04-11,
REXALL #1008,109 DUNDAS ST EAST,TRENTON,K8V1L1,Ontario,109 DUNDAS ST EAST TRENTON K8V1L1,44.104481,-77.5690616,2021-04-11,
STIRLING PHARMACY,9D TUFTSVILLE ROAD,STIRLING,K0K3E0,Ontario,9D TUFTSVILLE ROAD STIRLING K0K3E0,44.2976921,-77.5430435,2021-04-11,
DRUG STORE PHARMACY #4080,13311 LOYALIST PKWY CITY RD 33,PICTON,K0K2T0,Ontario,13311 LOYALIST PKWY CITY RD 33 PICTON K0K2T0,44.000067,-77.161348,2021-04-11,
NICKLE'S PHARMACY,26 FORSYTH ST,MARMORA,K0K2M0,Ontario,26 FORSYTH ST MARMORA K0K2M0,44.4832882,-77.6822609,2021-04-11,
MADILL'S IDA PHARMACY,7 MILL ST,FRANKFORD,K0K2C0,Ontario,7 MILL ST FRANKFORD K0K2C0,44.2010734,-77.596109,2021-04-11,
PICTON CLINIC PHARMACY,1-389 MAIN ST E,PICTON,K0K2T0,Ontario,1-389 MAIN ST E PICTON K0K2T0,44.011074,-77.1382842,2021-04-11,
REXALL PHARMA PLUS #2253,173 DUNDAS STREET EAST,BELLEVILLE,K8N1C9,Ontario,173 DUNDAS STREET EAST BELLEVILLE K8N1C9,44.1618452,-77.3717408,2021-04-11,
NORTH HASTINGS FAMILY PHARMACY,217 HASTINGS ST N,BANCROFT,K0L1C0,Ontario,217 HASTINGS ST N BANCROFT K0L1C0,45.0686492,-77.8619824,2021-04-11,
METRO PHARMACY #532,53 QUINTE ST,TRENTON,K8V3S8,Ontario,53 QUINTE ST TRENTON K8V3S8,44.0982639,-77.5767169,2021-04-11,
DRUGSTORE PHARMACY #532,HWY 8,GODERICH,N7A3X8,Ontario,HWY 8 GODERICH N7A3X8,43.7405975,-81.7077683,2021-04-11,
PHARMA PLUS # 1594,67 KINGSTON ST,GODERICH,N7A3K3,Ontario,67 KINGSTON ST GODERICH N7A3K3,43.7416235,-81.7086478,2021-04-11,
EXETER GUARDIAN PHARMACY,38-44 THAMES RD E,EXETER,N0M1S3,Ontario,38-44 THAMES RD E EXETER N0M1S3,43.3618435,-81.4826897,2021-04-11,
JAMES BROWN PHARMACY,198 JOSEPHINE ST,WINGHAM,N0G2W0,Ontario,198 JOSEPHINE ST WINGHAM N0G2W0,43.8855612,-81.3139172,2021-04-11,
WAL-MART PHARMACY,RR 2,GODERICH,N7A3X8,Ontario,RR 2 GODERICH N7A3X8,43.7428269,-81.7139501,2021-04-11,
PHARMASAVE #9751-MICHAEL'S PH,181 CAMBRIA ROAD NORTH,GODERICH,N7A2R2,Ontario,181 CAMBRIA ROAD NORTH GODERICH N7A2R2,43.749359,-81.704906,2021-04-11,
BRUSSELS PHARMACY,453 TURNBERRY ST,BRUSSELS,N0G1H0,Ontario,453 TURNBERRY ST BRUSSELS N0G1H0,43.7435931,-81.2501238,2021-04-11,
SHOPPERS DRUG MART #1032,510 EXMOUTH ST,SARNIA,N7T5P3,Ontario,510 EXMOUTH ST SARNIA N7T5P3,42.9861296,-82.3867992,2021-04-11,
REXALL #6914,697 CATHCART BLVD,SARNIA,N7V2N6,Ontario,697 CATHCART BLVD SARNIA N7V2N6,43.0041391,-82.3867568,2021-04-11,
SHOPPERS DRUG MART #1226,2727 COUNTRY RD 43,KEMPTVILLE,K0G1J0,Ontario,2727 COUNTRY RD 43 KEMPTVILLE K0G1J0,45.0230195,-75.6521543,2021-04-11,
PORTLAND PHARMACY,2751 HWY 15,PORTKAND,K0G1V0,Ontario,2751 HWY 15 PORTKAND K0G1V0,44.6795568,-76.2155775,2021-04-11,
SHOPPERS DRUG MART #935,2399 PARKEDALE AVE,BROCKVILLE,K6V3G9,Ontario,2399 PARKEDALE AVE BROCKVILLE K6V3G9,44.6029779,-75.6981637,2021-04-11,
PERTH DOWNTOWN PHARMASAVE,57 FOSTER ST,PERTH,K7H1R9,Ontario,57 FOSTER ST PERTH K7H1R9,44.901023,-76.251964,2021-04-11,
THE DRUGSTORE PHARMACY #4092,25 FERRARA DR,SMITHS FALLS,K7A5K6,Ontario,25 FERRARA DR SMITHS FALLS K7A5K6,44.8924731,-76.0267593,2021-04-11,
SHOPPERS DRUG MART #1143,615 KINGS ST EAST,GANANOQUE,K7G1H4,Ontario,615 KINGS ST EAST GANANOQUE K7G1H4,44.3360068,-76.1514731,2021-04-11,
CARLETON PLACE IDA DRUG MART,47 LANSDOWNE AVE,CARLETON PLACE,K7C3S9,Ontario,47 LANSDOWNE AVE CARLETON PLACE K7C3S9,45.1355215,-76.1399079,2021-04-11,
SHOPPERS DRUG MART #1455,376 OTTAWA ST,ALMONTE,K0A1A0,Ontario,376 OTTAWA ST ALMONTE K0A1A0,45.2348379,-76.1855636,2021-04-11,
SHOPPERS DRUG MART #1317,54 BECKWITH ST N,SMITH FALLS,K7A2B5,Ontario,54 BECKWITH ST N SMITH FALLS K7A2B5,44.9015177,-76.0220606,2021-04-11,
WESTPORT VILLAGE PHARMACY,3 CHURCH STREET,WESTPORT,K0G1X0,Ontario,3 CHURCH STREET WESTPORT K0G1X0,44.6795453,-76.3963952,2021-04-11,
REXALL,30 PEARL ST WEST,BROCKVILLE,K6V4B5,Ontario,30 PEARL ST WEST BROCKVILLE K6V4B5,44.5927139,-75.6877142,2021-04-11,
LOBLAW PHARMACY,2600 HWY 43 W UNIT 1,KEMPTVILLE,K0G1J0,Ontario,2600 HWY 43 W UNIT 1 KEMPTVILLE K0G1J0,45.018657,-75.656506,2021-04-11,
ELGIN DRUGS,14 MAIN ST,ELGIN,K0G1E0,Ontario,14 MAIN ST ELGIN K0G1E0,44.608342,-76.221794,2021-04-11,
SHOPPERS DRUG MART #1506,231 KING ST W,PRESCOTT,K0E1T0,Ontario,231 KING ST W PRESCOTT K0E1T0,44.7087968,-75.515188,2021-04-11,
MERRICKVILLE DRUG MART,112 WELLINGTON ST E,MERRICKVILLE,K0G1N0,Ontario,112 WELLINGTON ST E MERRICKVILLE K0G1N0,44.9153344,-75.8355991,2021-04-11,
WAL-MART PHARMACY,340 COLONNADE DR,KEMPTVILLE,K0G1J0,Ontario,340 COLONNADE DR KEMPTVILLE K0G1J0,45.0291722,-75.6295666,2021-04-11,
SHOPPERS DRUG MART 1453,299 LAKE AVE E,CARLETON PLACE,K7C1J3,Ontario,299 LAKE AVE E CARLETON PLACE K7C1J3,45.1427553,-76.1334191,2021-04-11,
KEMPTVILLE DRUGMART,19-20-2600 HWY. 43,KEMPTVILLE,K0G1J0,Ontario,19-20-2600 HWY. 43 KEMPTVILLE K0G1J0,44.9981236,-75.696877,2021-04-11,
SMITHS FALLS FAMILY PHARMACY,2-207 BROCKVILLE ST,SMITHS FALLS,K7A3Z3,Ontario,2-207 BROCKVILLE ST SMITHS FALLS K7A3Z3,44.888392,-76.018961,2021-04-11,
PARKEDALE PHARMACY,2235 PARKEDALE AVENUE,BROCKVILLE,K6V6B2,Ontario,2235 PARKEDALE AVENUE BROCKVILLE K6V6B2,44.6072829,-75.6930882,2021-04-11,
PHARMA WELL DRUGMART,4-106 DRYHAN WAY PO BX 189,SEELEY'S BAY,K0H2N0,Ontario,4-106 DRYHAN WAY PO BX 189 SEELEY'S BAY K0H2N0,44.4748205,-76.237819,2021-04-11,
PERTH MEWS PHARMACY,095-80 DUFFERIN ST,PERTH,K7H3A7,Ontario,095-80 DUFFERIN ST PERTH K7H3A7,44.9070409,-76.2688229,2021-04-11,
COSTCO PHARMACY # 508,4313 WELLINGTON RD S,LONDON,N6E2Z8,Ontario,4313 WELLINGTON RD S LONDON N6E2Z8,42.9193074,-81.2121683,2021-04-11,
SHOPPERS DRUG MART #1065,1224 COMMISSIONERS RD W,LONDON,N6K1C7,Ontario,1224 COMMISSIONERS RD W LONDON N6K1C7,42.9585692,-81.330272,2021-04-11,
SHOPPERS DRUG MART #1071,78 FRONT ST E,STRATHROY,N7G1Y7,Ontario,78 FRONT ST E STRATHROY N7G1Y7,42.9592678,-81.6216919,2021-04-11,
SHOPPERS DRUG MART 1278,1186 OXFORD ST W,LONDON,N6H2N2,Ontario,1186 OXFORD ST W LONDON N6H2N2,42.9748873,-81.3221488,2021-04-11,
SHOPPERS DRUG MART #732,467 WHARNCLIFFE RD. S,LONDON,N6J2M8,Ontario,467 WHARNCLIFFE RD. S LONDON N6J2M8,42.9600069,-81.2623128,2021-04-11,
SHOPPERS DRUG MART #765,142 CLARK RD,LONDON,N5W5E1,Ontario,142 CLARK RD LONDON N5W5E1,42.9911469,-81.1686344,2021-04-11,
SHOPPERS DRUG MART #766,1365 HURON ST,LONDON,N5V2E3,Ontario,1365 HURON ST LONDON N5V2E3,43.0186651,-81.2133802,2021-04-11,
SHOPPERS DRUG MART #764,L104-1680 RICHMOND ST N,LONDON,N6G3Y9,Ontario,L104-1680 RICHMOND ST N LONDON N6G3Y9,43.025599,-81.2783801,2021-04-11,
REXALL #1859,1593 ADELAIDE ST NORTH,LONDON,N5X4E8,Ontario,1593 ADELAIDE ST NORTH LONDON N5X4E8,43.0371488,-81.2567598,2021-04-11,
SHOPPERS DRUG MART #737,1657 DUNDAS STREET EAST,LONDON,N5W3C6,Ontario,1657 DUNDAS STREET EAST LONDON N5W3C6,43.000843,-81.1886035,2021-04-11,
SHOPPERS DRUG MART #1069,2300 DORCHESTER RD,DORCHESTER,N0L1G3,Ontario,2300 DORCHESTER RD DORCHESTER N0L1G3,42.9802153,-81.0555419,2021-04-11,
SHOPPERS DRUG MART 1401,3090 COLONEL TALBOT RD,LONDON,N6P0B3,Ontario,3090 COLONEL TALBOT RD LONDON N6P0B3,42.9343125,-81.3164749,2021-04-11,
REXALL #1875,740 HYDE PARK RD,LONDON,N6H3W9,Ontario,740 HYDE PARK RD LONDON N6H3W9,42.9770895,-81.3218479,2021-04-11,
SHOPPERS DRUG MART #1080,1118 ADELAIDE STREET NORTH,LONDON,N5Y2N5,Ontario,1118 ADELAIDE STREET NORTH LONDON N5Y2N5,43.0127361,-81.2428052,2021-04-11,
GLENCOE PHARMACY,253 MAIN STREET,GLENCOE,N0L1M0,Ontario,253 MAIN STREET GLENCOE N0L1M0,42.749413,-81.7123253,2021-04-11,
WAL-MART PHARMACY,330 CLARKE RD,LONDON,N5W6G4,Ontario,330 CLARKE RD LONDON N5W6G4,43.0018851,-81.1711164,2021-04-11,
REXALL #1073,1240 COMMISSIONERS RD WEST,LONDON,N6K1C7,Ontario,1240 COMMISSIONERS RD WEST LONDON N6K1C7,42.9579407,-81.3314324,2021-04-11,
DRUGSTORE PHARMACY #2823,626 VICTORIA ST,STRATHROY,N7G3C1,Ontario,626 VICTORIA ST STRATHROY N7G3C1,42.9668463,-81.6313682,2021-04-11,
INCARE HEALTH PHARMACY,1-14351 MEDWAY RD,ARVA,N0M1C0,Ontario,1-14351 MEDWAY RD ARVA N0M1C0,43.0507215,-81.2928746,2021-04-11,
WAL-MART PHARMACY,1280 FANSHAWE PARK RD W,LONDON,N6G5B1,Ontario,1280 FANSHAWE PARK RD W LONDON N6G5B1,43.0093978,-81.3331287,2021-04-11,
WAL-MART PHARMACY,WHITE OAKS MALL,LONDON,N6E1V4,Ontario,WHITE OAKS MALL LONDON N6E1V4,42.931589,-81.2246919,2021-04-11,
REXALL # 1790,1375 BEAVERBROOK AVE,LONDON,N6H0J1,Ontario,1375 BEAVERBROOK AVE LONDON N6H0J1,42.9896891,-81.2966989,2021-04-11,
GREENHILLS PHARMACY LTD,2335 MAIN ST,LONDON,N6P1A7,Ontario,2335 MAIN ST LONDON N6P1A7,42.9118283,-81.2926088,2021-04-11,
REXALL SPECILATY #8101,841-845 CONSORTIUM COURT,LONDON,N6E2S8,Ontario,841-845 CONSORTIUM COURT LONDON N6E2S8,42.9345393,-81.2036512,2021-04-11,
BOSSONS PHARMACY,35 FRONT ST W,STRATHROY,N7G1X5,Ontario,35 FRONT ST W STRATHROY N7G1X5,42.9581982,-81.6254925,2021-04-11,
SHOPPERS DRUG MART #736,100-431 RICHMOND ST,LONDON,N6A6E2,Ontario,100-431 RICHMOND ST LONDON N6A6E2,42.9844495,-81.2502828,2021-04-11,
REXALL #1768,1795 ERNEST AVE,LONDON,N6E2V5,Ontario,1795 ERNEST AVE LONDON N6E2V5,42.9420215,-81.2372115,2021-04-11,
WAL-MART PHARMACY,150 CARROLL ST E,STRATHROY,N7G3H3,Ontario,150 CARROLL ST E STRATHROY N7G3H3,42.9490133,-81.6064712,2021-04-11,
LUCAN DRUG MART,180 MAIN ST,LUCAN,N0M2J0,Ontario,180 MAIN ST LUCAN N0M2J0,43.1885117,-81.4040724,2021-04-11,
SHOPPERS DRUG MART #1066,510 HAMILTON RD,LONDON,N5Z1S4,Ontario,510 HAMILTON RD LONDON N5Z1S4,42.980769,-81.2162859,2021-04-11,
LOBLAW PHARMACY #4386,635 SOUTHDALE RD E,LONDON,N6E3W6,Ontario,635 SOUTHDALE RD E LONDON N6E3W6,42.9423592,-81.2293366,2021-04-11,
LOBLAW PHARMACY #1016,3040 WONDERLAND RD S,LONDON,N6L1A6,Ontario,3040 WONDERLAND RD S LONDON N6L1A6,42.9382398,-81.2781525,2021-04-11,
REXALL #1795,1505 HIGHBURY AVE NORTH,LONDON,N5Y0A9,Ontario,1505 HIGHBURY AVE NORTH LONDON N5Y0A9,43.0316543,-81.2223217,2021-04-11,
DRUG STORE PHARMACY #4244,7 BASELINE RD E,LONDON,N6C5Z8,Ontario,7 BASELINE RD E LONDON N6C5Z8,42.9578,-81.2599,2021-04-11,
DRUGSTORE PHARMACY #4283,599 FANSHAWE PARK RD W,LONDON,N6G5B3,Ontario,599 FANSHAWE PARK RD W LONDON N6G5B3,43.0202323,-81.3097654,2021-04-11,
MCINTYRE PHARMACY,238 MAIN STREET,PARKHILL,N0M2K0,Ontario,238 MAIN STREET PARKHILL N0M2K0,43.1631825,-81.6836802,2021-04-11,
DRUGSTORE PHARMACY #1091,825 OXFORD ST E,LONDON,N5Y3J8,Ontario,825 OXFORD ST E LONDON N5Y3J8,43.0016699,-81.2271209,2021-04-11,
KOMOKA PHARMACY,9952 GLENDON DR,KOMOKA,N0L1R0,Ontario,9952 GLENDON DR KOMOKA N0L1R0,42.945741,-81.4311175,2021-04-11,
DINI IDA PHARMACY,C02-785 WONDERLAND ROAD SOUTH,LONDON,N6K1M6,Ontario,C02-785 WONDERLAND ROAD SOUTH LONDON N6K1M6,42.9477909,-81.2923131,2021-04-11,
DELAWARE PHARMACY,11569 LONGWOODS RD,DELAWARE,N0L1E0,Ontario,11569 LONGWOODS RD DELAWARE N0L1E0,42.9074762,-81.4205796,2021-04-11,
TMC PHARMACY,990 GAINSBOROUGH RD,LONDON,N6H5L4,Ontario,990 GAINSBOROUGH RD LONDON N6H5L4,42.9990109,-81.3292167,2021-04-11,
PHARMASAVE #9662,77 ANISHINAABEG DRIVE,MUNCEY,N0L1Y0,Ontario,77 ANISHINAABEG DRIVE MUNCEY N0L1Y0,42.8090362,-81.5364685,2021-04-11,
SHOPPERS DRUG MART #1390,1105 WELLINGTON RD,LONDON,N6E1V4,Ontario,1105 WELLINGTON RD LONDON N6E1V4,42.9315865,-81.2246887,2021-04-11,
ILDERTON MEDICAL PHARMACY,1-13187 ILDERTON RD,ILDERTON,N0M2A0,Ontario,1-13187 ILDERTON RD ILDERTON N0M2A0,43.0779821,-81.3851136,2021-04-11,
THE HEALTH DEPOT,629 CONSORTIUM CRT,LONDON,N6E2S8,Ontario,629 CONSORTIUM CRT LONDON N6E2S8,42.9336368,-81.20432,2021-04-11,
SHOPPERS DRUG MART #1191,20 HWY 20 E,FONTHILL,L0S1E0,Ontario,20 HWY 20 E FONTHILL L0S1E0,43.0455255,-79.2826341,2021-04-11,
SHOPPERS DRUG MART #1186,275 FOURTH AVE,ST CATHARINES,L2S0C2,Ontario,275 FOURTH AVE ST CATHARINES L2S0C2,43.1561634,-79.2699316,2021-04-11,
SHOPPERS DRUG MART #794,150 MAIN ST E,GRIMSBY,L3M1P1,Ontario,150 MAIN ST E GRIMSBY L3M1P1,43.1878533,-79.5447136,2021-04-11,
SHOPPERS DRUG MART #799,6565 LUNDY'S LANE,NIAGARA FALLS,L2G1V1,Ontario,6565 LUNDY'S LANE NIAGARA FALLS L2G1V1,43.0900677,-79.1045879,2021-04-11,
LOBLAW PHARMACY #537,6940 MORRISON ST,NIAGARA FALLS,L2E7K5,Ontario,6940 MORRISON ST NIAGARA FALLS L2E7K5,43.1026318,-79.1130428,2021-04-11,
BOGGIO FONTHILL PHARMACY I.D.A,155 HIGHWAY 20 WEST,FONTHILL,L0S1E0,Ontario,155 HIGHWAY 20 WEST FONTHILL L0S1E0,43.0439591,-79.2963616,2021-04-11,
SHOPPERS DRUG MART #1256,5005 SERENA DRIVE,BEAMSVILLE,L0R1B4,Ontario,5005 SERENA DRIVE BEAMSVILLE L0R1B4,43.1677441,-79.47698,2021-04-11,
FAMILY HEALTH PHARMACY PELHAM,A6-130 HIGHWAY 20 E,FONTHILL,L0S1E6,Ontario,A6-130 HIGHWAY 20 E FONTHILL L0S1E6,43.0478584,-79.2745484,2021-04-11,
FOOD BASICS PHARMACY #522,3770 MONTROSE RD,NIAGARA FALLS,L2H3K3,Ontario,3770 MONTROSE RD NIAGARA FALLS L2H3K3,43.1184291,-79.1231002,2021-04-11,
LOBLAW PHARMACY,411 LOUTH ST,ST CATHARINES,L2S4A2,Ontario,411 LOUTH ST ST CATHARINES L2S4A2,43.1538816,-79.2665606,2021-04-11,
DRUGSTORE PHARMACY #2806,361 SOUTH SERVICE RD,GRIMSBY,L3M4E8,Ontario,361 SOUTH SERVICE RD GRIMSBY L3M4E8,43.2045328,-79.5945331,2021-04-11,
STONE ROAD PHARMACY,1630 NIAGARA STONE ROAD,VIRGIL,L0S1T0,Ontario,1630 NIAGARA STONE ROAD VIRGIL L0S1T0,43.2264827,-79.1165234,2021-04-11,
PHARMASHIELD DISPENSARY,5400 PORTAGE RD,NIAGARA FALLS,L2G5X7,Ontario,5400 PORTAGE RD NIAGARA FALLS L2G5X7,43.0954172,-79.0905864,2021-04-11,
FALLS PHARMACY LTD,6635 DRUMMOND RD,NIAGARA FALLS,L2G4N4,Ontario,6635 DRUMMOND RD NIAGARA FALLS L2G4N4,43.079038,-79.097672,2021-04-11,
HEALTHMAX PHARMACY,1-366 BUNTING RD,ST CATHARINES,L2M3Y6,Ontario,1-366 BUNTING RD ST CATHARINES L2M3Y6,43.163943,-79.209103,2021-04-11,
WAL-MART PHARMACY #1164,221 GLENDALE AVE,ST CATHARINES,L2T2K9,Ontario,221 GLENDALE AVE ST CATHARINES L2T2K9,43.1360847,-79.2240958,2021-04-11,
HEALTH PLUS PHARMACY,6360 LUNDY'S LANE,NIAGARA FALLS,L2G1T6,Ontario,6360 LUNDY'S LANE NIAGARA FALLS L2G1T6,43.0889569,-79.1005304,2021-04-11,
SOBEYS PHARMACY #7250,343 GLENDALE AV,ST CATHARINES,L2T0A1,Ontario,343 GLENDALE AV ST CATHARINES L2T0A1,43.1376689,-79.2163887,2021-04-11,
MAIN ST PHARMACY,5904 MAIN ST,NIAGARA FALLS,L2G2Z8,Ontario,5904 MAIN ST NIAGARA FALLS L2G2Z8,43.0891416,-79.0924707,2021-04-11,
COSTCO PHARMACY #540,1849 MERIVALE RD,NEPEAN,K2G1E3,Ontario,1849 MERIVALE RD NEPEAN K2G1E3,45.3377624,-75.7224261,2021-04-11,
SHOPPERS DRUG MART #630,6491 JEANNE D'ARC BLVD,OTTAWA,K1C2R1,Ontario,6491 JEANNE D'ARC BLVD OTTAWA K1C2R1,45.4799514,-75.5368943,2021-04-11,
SHOPPERS DRUG MART #1528,181 GREENBANK RD,OTTAWA,K2H5V6,Ontario,181 GREENBANK RD OTTAWA K2H5V6,45.3281927,-75.779573,2021-04-11,
SHOPPERS DRUG MART #635,2515 BANK ST,OTTAWA,K1V8R9,Ontario,2515 BANK ST OTTAWA K1V8R9,45.3542812,-75.6459712,2021-04-11,
SHOPPERS DRUG MART #620,1180 WALKLEY RD,OTTAWA,K1V2M5,Ontario,1180 WALKLEY RD OTTAWA K1V2M5,45.3697843,-75.6636464,2021-04-11,
SHOPPERS DRUG MART #1302,3151 STRANDHERD DR,NEPEAN,K2J5N1,Ontario,3151 STRANDHERD DR NEPEAN K2J5N1,45.2743785,-75.7185666,2021-04-11,
SHOPPERS DRUG MART #628,1309 CARLING AVE,OTTAWA,K1Z7L3,Ontario,1309 CARLING AVE OTTAWA K1Z7L3,45.3867692,-75.7355233,2021-04-11,
SHOPPERS DRUG MART #622,1-2148 CARLING AVE,OTTAWA,K2A1H1,Ontario,1-2148 CARLING AVE OTTAWA K2A1H1,45.370815,-75.768939,2021-04-11,
SHOPPERS DRUG MART #1258,700-702 BANK STREET,OTTAWA,K1S3V2,Ontario,700-702 BANK STREET OTTAWA K1S3V2,45.4048452,-75.6897472,2021-04-11,
SHOPPERS DRUG MART #1246,1300 STITTSVILLE MAIN STREET,STITTSVILLE,K2S1A3,Ontario,1300 STITTSVILLE MAIN STREET STITTSVILLE K2S1A3,45.2655398,-75.9303671,2021-04-11,
SHOPPERS DRUG MART #629,3310 MCCARTHY RD,OTTAWA,K1V9S1,Ontario,3310 MCCARTHY RD OTTAWA K1V9S1,45.3506573,-75.6719591,2021-04-11,
DRUGSTORE PHARMACY #2813,760 EAGLESON RD,KANATA,K2M0A7,Ontario,760 EAGLESON RD KANATA K2M0A7,45.2827189,-75.8665256,2021-04-11,
STITTSVILLE DRUG MART,STITTSVILLE SHOPPING CENTRE,STITTSVILLE,K2S1S9,Ontario,STITTSVILLE SHOPPING CENTRE STITTSVILLE K2S1S9,45.2686123,-75.9309704,2021-04-11,
LOBLAW PHARMACY,1226 PLACE D'ORLÉANS DR,GLOUCESTER,K1C1L2,Ontario,1226 PLACE D'ORLÉANS DR GLOUCESTER K1C1L2,45.4764991,-75.5228439,2021-04-11,
SHOPPERS DRUG MART #1442,1-4744 BANK ST,OTTAWA,K1T0K8,Ontario,1-4744 BANK ST OTTAWA K1T0K8,45.4217996,-75.7018929,2021-04-11,
WESTBORO PHARMASAVE,205-421 RICHMOND ROAD,OTTAWA,K2A4H1,Ontario,205-421 RICHMOND ROAD OTTAWA K2A4H1,45.3947481,-75.7484908,2021-04-11,
GLEBE APOTHECARY,778 BANK ST,OTTAWA,K1S3V6,Ontario,778 BANK ST OTTAWA K1S3V6,45.403274,-75.6888649,2021-04-11,
SHOPPERS DRUG MART #1139,3940 INNES RD,ORLEANS,K1W1K9,Ontario,3940 INNES RD ORLEANS K1W1K9,45.4539866,-75.5079848,2021-04-11,
WAL-MART PHARMACY,2210 BANK ST,OTTAWA,K1V0Y5,Ontario,2210 BANK ST OTTAWA K1V0Y5,45.354899,-75.6547546,2021-04-11,
LOBLAW PHARMACY #1051,1980 OGILVIE RD,OTTAWA,K1J9L3,Ontario,1980 OGILVIE RD OTTAWA K1J9L3,45.4325275,-75.6098258,2021-04-11,
SHOPPERS DRUG MART #634,2638 INNES RD,GLOUCESTER,K1B4Z5,Ontario,2638 INNES RD GLOUCESTER K1B4Z5,45.4311586,-75.5626076,2021-04-11,
WAL-MART PHARMACY,3651 STRANDHERD DR,NEPEAN,K2J4G8,Ontario,3651 STRANDHERD DR NEPEAN K2J4G8,45.2718267,-75.7408564,2021-04-11,
DRUGSTORE PHARMACY #1014,100 MCARTHUR AVE,VANIER,K1L6P9,Ontario,100 MCARTHUR AVE VANIER K1L6P9,45.4309319,-75.6654104,2021-04-11,
REXALL #8186,832 MARCH RD,KANATA,K2W0C9,Ontario,832 MARCH RD KANATA K2W0C9,45.3568278,-75.9334925,2021-04-11,
REXALL #380,106-900 GREENBANK RD,NEPEAN,K2J1S8,Ontario,106-900 GREENBANK RD NEPEAN K2J1S8,45.284734,-75.756427,2021-04-11,
LOBLAW PHARMACY 1188,2210C BANK ST,OTTAWA,K1V1J5,Ontario,2210C BANK ST OTTAWA K1V1J5,45.354899,-75.6547546,2021-04-11,
RICHMOND IDA PHARMACY,6265 PERTH ST,RICHMOND,K0A2Z0,Ontario,6265 PERTH ST RICHMOND K0A2Z0,45.1903627,-75.8457423,2021-04-11,
REXALL #6971,1160 BEAVERWOOD ROAD,MANOTICK,K4M1A3,Ontario,1160 BEAVERWOOD ROAD MANOTICK K4M1A3,45.2235963,-75.6847232,2021-04-11,
REXALL #2204,300 EAGLESON RD,KANATA,K2M1C9,Ontario,300 EAGLESON RD KANATA K2M1C9,45.3023709,-75.8777644,2021-04-11,
SHOPPERS DRUG MART #988,174 BANK ST,OTTAWA,K2P1W6,Ontario,174 BANK ST OTTAWA K2P1W6,45.4181889,-75.6992434,2021-04-11,
SHOPPERS DRUG MART #1387,3080 CARLING AVE,OTTAWA,K2B7K2,Ontario,3080 CARLING AVE OTTAWA K2B7K2,45.3548434,-75.8044638,2021-04-11,
WEST CARLTON DRUG MART,461 DONALD B. MUNRO DRIVE,CARP,K0A1L0,Ontario,461 DONALD B. MUNRO DRIVE CARP K0A1L0,45.3447291,-76.0380015,2021-04-11,
SHOPPERS DRUG MART #1325,5709 HAZELDEAN RD,STITTSVILLE,K2S0P6,Ontario,5709 HAZELDEAN RD STITTSVILLE K2S0P6,45.28372,-75.9119479,2021-04-11,
SHOPPERS DRUG MART #1463,1080 BANK STREET,OTTAWA,K1S3X3,Ontario,1080 BANK STREET OTTAWA K1S3X3,45.3943503,-75.6838382,2021-04-11,
SHOPPERS DRUG MART #1527,1582 BANK ST,OTTAWA,K1H7Z5,Ontario,1582 BANK ST OTTAWA K1H7Z5,45.3791212,-75.6684444,2021-04-11,
WAL-MART PHARMACY #3066,10-100 BAYSHORE DR,OTTAWA,K2B8C1,Ontario,10-100 BAYSHORE DR OTTAWA K2B8C1,45.3482612,-75.8050948,2021-04-11,
DRUGSTORE PHARMACY # 1009,190 RICHMOND RD,OTTAWA,K1Z6W6,Ontario,190 RICHMOND RD OTTAWA K1Z6W6,45.3942654,-75.7473437,2021-04-11,
REXALL #1453,4048 CARLING AVE,KANATA,K2K1Y1,Ontario,4048 CARLING AVE KANATA K2K1Y1,45.3371417,-75.9072525,2021-04-11,
REXALL #1156,144-1980 OGILVIE RD,GLOUCESTER,K1J9L3,Ontario,144-1980 OGILVIE RD GLOUCESTER K1J9L3,45.432585,-75.610165,2021-04-11,
HUNT CLUB PHARMACY,7-2430 BANK STREET,OTTAWA,K1V0T7,Ontario,7-2430 BANK STREET OTTAWA K1V0T7,45.3537723,-75.6491647,2021-04-11,
REXALL #1149,1363B WOODROFFE AVE,NEPEAN,K2G1V7,Ontario,1363B WOODROFFE AVE NEPEAN K2G1V7,45.351069,-75.7584183,2021-04-11,
REXALL #8134,753 MONTREAL RD,OTTAWA,K1K0T1,Ontario,753 MONTREAL RD OTTAWA K1K0T1,45.4450941,-75.6365507,2021-04-11,
REXALL #6969,2144 ROBERTSON RD,NEPEAN,K2H5Z1,Ontario,2144 ROBERTSON RD NEPEAN K2H5Z1,45.320755,-75.8358271,2021-04-11,
BELL PHARMACY,737 GLADSTONE AVE,OTTAWA,K1R6X4,Ontario,737 GLADSTONE AVE OTTAWA K1R6X4,45.407212,-75.7057925,2021-04-11,
WAL-MART PHARMACY,450 TERMINAL AV,OTTAWA,K1G0Z3,Ontario,450 TERMINAL AV OTTAWA K1G0Z3,45.4131465,-75.6496399,2021-04-11,
SHOPPERS DRUG MART #621,1200 ST LAURENT BLVD,OTTAWA,K1K3B8,Ontario,1200 ST LAURENT BLVD OTTAWA K1K3B8,45.4219466,-75.6387057,2021-04-11,
SHOPPERS DRUG MART #1161,647 EARL ARMSTRONG RD,GLOUCESTER,K1V2G2,Ontario,647 EARL ARMSTRONG RD GLOUCESTER K1V2G2,45.2693834,-75.6981271,2021-04-11,
BLOSSOM PARK PHARMACY,2928 BANK ST,OTTAWA,K1T1N6,Ontario,2928 BANK ST OTTAWA K1T1N6,45.3476641,-75.6259672,2021-04-11,
LOBLAW PHARMACY #4253,671 RIVER RD,GLOUCESTER,K1V2G2,Ontario,671 RIVER RD GLOUCESTER K1V2G2,45.2705567,-75.6974346,2021-04-11,
SHOPPERS DRUG MART #1550,2446 BANK ST,OTTAWA,K1V1A4,Ontario,2446 BANK ST OTTAWA K1V1A4,45.3528317,-75.6467883,2021-04-11,
THE MEDICINE SHOPPE,19-5303 CANOTEK RD,OTTAWA,K1J9M1,Ontario,19-5303 CANOTEK RD OTTAWA K1J9M1,45.4530001,-75.58795,2021-04-11,
WAL-MART PHARMACY #1200,2277 RIVERSIDE DRIVE,OTTAWA,K1H7X6,Ontario,2277 RIVERSIDE DRIVE OTTAWA K1H7X6,45.3856281,-75.6774777,2021-04-11,
FALLOWFIELD PHARMACY,1B-3500 FALLOWFIELD RD,OTTAWA,K2J4A7,Ontario,1B-3500 FALLOWFIELD RD OTTAWA K2J4A7,45.2930282,-75.7423543,2021-04-11,
SHAS PHARMACY LTD,1428 WALKLEY ROAD,OTTAWA,K1V6P5,Ontario,1428 WALKLEY ROAD OTTAWA K1V6P5,45.3735144,-75.6534727,2021-04-11,
REXALL #8151,0160-110 PLACE D'ORLEANS DR,ORLEANS,K1C2L9,Ontario,0160-110 PLACE D'ORLEANS DR ORLEANS K1C2L9,45.4786953,-75.5162166,2021-04-11,
DRUGSTORE PHARMACY #4284,3777 STRANDHERD DR,NEPEAN,K2J4B1,Ontario,3777 STRANDHERD DR NEPEAN K2J4B1,45.2681524,-75.7466046,2021-04-11,
GREENBANK HUNT CLUB PHARMACY,250 GREENBANK ROAD,OTTAWA,K2H8X4,Ontario,250 GREENBANK ROAD OTTAWA K2H8X4,45.3244028,-75.7795626,2021-04-11,
NORTH GOWER PHARMACY,7-2333 CHURCH STREET,NORTH GOWER,K0A2T0,Ontario,7-2333 CHURCH STREET NORTH GOWER K0A2T0,45.1308173,-75.7162208,2021-04-11,
RICHMOND VILLAGE PHARMACY,6146 PERTH STREET,RICHMOND,K0A2Z0,Ontario,6146 PERTH STREET RICHMOND K0A2Z0,45.1935776,-75.8394527,2021-04-11,
LOBLAW PHARMACY 1082,1460 MERIVALE RD,OTTAWA,K2E5P2,Ontario,1460 MERIVALE RD OTTAWA K2E5P2,45.3619299,-75.7353516,2021-04-11,
SOUTH OTTAWA PHARMACY,3QA-1650 QUEENSDALE AVE,OTTAWA,K1T1N8,Ontario,3QA-1650 QUEENSDALE AVE OTTAWA K1T1N8,45.3463836,-75.6271872,2021-04-11,
CEDARVIEW GUARDIAN PHARMACY,12-4100 STRANDHERD DR,NEPEAN,K2J0V2,Ontario,12-4100 STRANDHERD DR NEPEAN K2J0V2,45.2603845,-75.7684158,2021-04-11,
PHARMACIE MEDICI PHARMACY,100-1200 COLONIAL ROAD,NAVAN,K4B1J5,Ontario,100-1200 COLONIAL ROAD NAVAN K4B1J5,45.4212821,-75.4266411,2021-04-11,
BANK STREET PHARMACY,2531-A BANK STREET,OTTAWA,K1V8R9,Ontario,2531-A BANK STREET OTTAWA K1V8R9,45.3543072,-75.6436138,2021-04-11,
MOONEY'S BAY PHARMACY,743 RIDGEWOOD AVENUE,OTTAWA,K1V6M8,Ontario,743 RIDGEWOOD AVENUE OTTAWA K1V6M8,45.368436,-75.6877711,2021-04-11,
EVANS MEDICAL PHARMACY,1194 KARN PL,OTTAWA,K1H7Z8,Ontario,1194 KARN PL OTTAWA K1H7Z8,45.3802608,-75.6691534,2021-04-11,
BANK STREET MEDICAL PHARMACY,1935 BANK STREET,OTTAWA,K1V8A3,Ontario,1935 BANK STREET OTTAWA K1V8A3,45.3680045,-75.6615191,2021-04-11,
METRO PHARMACY #563,4510 INNES ROAD,OTTAWA,K4A4C5,Ontario,4510 INNES ROAD OTTAWA K4A4C5,45.4613368,-75.4841125,2021-04-11,
REXALL #1255,C102-240 SPARKS ST,OTTAWA,K1A0G6,Ontario,C102-240 SPARKS ST OTTAWA K1A0G6,45.4202369,-75.7030912,2021-04-11,
SOUTHKEYS PHARMACY,1883 BANK STREET,OTTAWA,K1V7Z9,Ontario,1883 BANK STREET OTTAWA K1V7Z9,45.3697997,-75.6626275,2021-04-11,
WHOLE HEALTH PHARMACY GLEBE,857A BANK ST,OTTAWA,K1S3W2,Ontario,857A BANK ST OTTAWA K1S3W2,45.4013876,-75.6872975,2021-04-11,
HAZELDEAN PHARMACY,6150 HAZELDEAN RD,STITTSVILLE,K2S1B9,Ontario,6150 HAZELDEAN RD STITTSVILLE K2S1B9,45.270612,-75.9338902,2021-04-11,
VITAL PHARMACY,3-224 HUNT CLUB ROAD,OTTAWA,K1V1C1,Ontario,3-224 HUNT CLUB ROAD OTTAWA K1V1C1,45.3339133,-75.6905898,2021-04-11,
KANATA COMPOUNDING PHARMACY,150 KATIMAVIK ROAD,KANATA,K2L2N2,Ontario,150 KATIMAVIK ROAD KANATA K2L2N2,45.3124188,-75.8958402,2021-04-11,
PROACTIVE PHARMACY,102-1645 BANK ST,OTTAWA,K1V7Z1,Ontario,102-1645 BANK ST OTTAWA K1V7Z1,45.3805424,-75.6703766,2021-04-11,
BRIDLE PATH PHARMACY,6-4000 BRIDLE PATH DR,GLOUCESTER,K1T2C4,Ontario,6-4000 BRIDLE PATH DR GLOUCESTER K1T2C4,45.3483871,-75.6457041,2021-04-11,
REXALL PHARMACY,160 ELGIN ST,OTTAWA,K2P2C4,Ontario,160 ELGIN ST OTTAWA K2P2C4,45.4197298,-75.6928678,2021-04-11,
PROMED PHARMACY,2706 ALTA VISTA DR,OTTAWA,K1V7T4,Ontario,2706 ALTA VISTA DR OTTAWA K1V7T4,45.3733998,-75.6642724,2021-04-11,
HYBRID PHARM,318 RICHMOND RD,OTTAWA,K1Z6X6,Ontario,318 RICHMOND RD OTTAWA K1Z6X6,45.3923594,-75.7529012,2021-04-11,
COSTCO PHARMACY #1169,1570 DUNDAS STREET EAST,MISSISSAUGA,L4X1L4,Ontario,1570 DUNDAS STREET EAST MISSISSAUGA L4X1L4,43.6103032,-79.5759717,2021-04-11,
SHOPPERS DRUG MART #704,180 SANDALWOOD PKWY,BRAMPTON,L6Z1Y4,Ontario,180 SANDALWOOD PKWY BRAMPTON L6Z1Y4,43.7274519,-79.7944777,2021-04-11,
SHOPPERS DRUG MART #779,6975 MEADOWVALE TOWN CENTRE,MISSISSAUGA,L5N2W7,Ontario,6975 MEADOWVALE TOWN CENTRE MISSISSAUGA L5N2W7,43.5819795,-79.7581215,2021-04-11,
SHOPPERS DRUG MART #776,HURON SQUARE,MISSISSAUGA,L5B0H2,Ontario,HURON SQUARE MISSISSAUGA L5B0H2,43.5775792,-79.614138,2021-04-11,
SHOPPERS DRUG MART #771,2126 BURNAMTHORPE RD W,MISSISSAUGA,L5L3A2,Ontario,2126 BURNAMTHORPE RD W MISSISSAUGA L5L3A2,43.5448535,-79.6816953,2021-04-11,
SHOPPERS DRUG MART #507,1077 NORTH SERVICE ROAD,MISSISSAUGA,L4Y1A6,Ontario,1077 NORTH SERVICE ROAD MISSISSAUGA L4Y1A6,43.5914593,-79.5761473,2021-04-11,
SHOPPERS DRUG MART # 815,321 LAKESHORE RD W,MISSISSAUGA,L5H1G9,Ontario,321 LAKESHORE RD W MISSISSAUGA L5H1G9,43.5435601,-79.5941721,2021-04-11,
SHOPPERS DRUG MART #774,700 BURNHAMTHORPE RD E,MISSISSAUGA,L4Y2X3,Ontario,700 BURNHAMTHORPE RD E MISSISSAUGA L4Y2X3,43.607815,-79.6176618,2021-04-11,
SHOPPERS DRUG MART #695,920 SOUTHDOWN RD,MISSISSAUGA,L5J2Y4,Ontario,920 SOUTHDOWN RD MISSISSAUGA L5J2Y4,43.5076549,-79.6311264,2021-04-11,
SHOPPERS DRUG MART #834,49 MOUNTAIN ASH RD,BRAMPTON,L6R1W4,Ontario,49 MOUNTAIN ASH RD BRAMPTON L6R1W4,43.7595143,-79.7285074,2021-04-11,
MEDICAL BUILDING PHARMACY,21 QUEENSWAY W,MISSISSAUGA,L5B1B6,Ontario,21 QUEENSWAY W MISSISSAUGA L5B1B6,43.5738905,-79.6084149,2021-04-11,
LOBLAW PHARMACY,5010 GLEN ERIN DR,MISSISSAUGA,L5M6J3,Ontario,5010 GLEN ERIN DR MISSISSAUGA L5M6J3,43.5548975,-79.714856,2021-04-11,
SHOPPERS DRUG MART #693,980 CENTRAL PARK DR,BRAMPTON,L6S3L7,Ontario,980 CENTRAL PARK DR BRAMPTON L6S3L7,43.7338026,-79.7205756,2021-04-11,
SHOPPERS DRUG MART #1058,1 KENNEDY ROAD SOUTH,BRAMPTON,L6W3C9,Ontario,1 KENNEDY ROAD SOUTH BRAMPTON L6W3C9,43.6945685,-79.7491965,2021-04-11,
ERIN MILLS IDA PHARMACY,4099 ERIN MILLS PKWY,MISSISSAUGA,L5L3P9,Ontario,4099 ERIN MILLS PKWY MISSISSAUGA L5L3P9,43.5509635,-79.6875701,2021-04-11,
SHOPPERS DRUG MART #735,3029 CLAYHILL RD,MISSISSAUGA,L5B4L2,Ontario,3029 CLAYHILL RD MISSISSAUGA L5B4L2,43.5719735,-79.6269626,2021-04-11,
SHOPPERS DRUG MART #1353,366 MAIN ST N,BRAMPTON,L6V1P8,Ontario,366 MAIN ST N BRAMPTON L6V1P8,43.6950221,-79.771375,2021-04-11,
SHOPPERS DRUG MART #1275,579A LAKESHORE RD E,MISSISSAUGA,L5G1H9,Ontario,579A LAKESHORE RD E MISSISSAUGA L5G1H9,43.568496,-79.569047,2021-04-11,
SHOPPERS DRUG MART #1098,3163 WINSTON CHURCHILL BLVD,MISSISSAUGA,L5L2W1,Ontario,3163 WINSTON CHURCHILL BLVD MISSISSAUGA L5L2W1,43.5268533,-79.6844187,2021-04-11,
SHOPPERS DRUG MART #976,1125 BLOOR STREET EAST,MISSISSAUGA,L4Y2N6,Ontario,1125 BLOOR STREET EAST MISSISSAUGA L4Y2N6,43.6113689,-79.6013391,2021-04-11,
WELLNESS HEALTHCARE PHARMACY,1170 BURNHAMTHORPE RD W UNIT 8,MISSISSAUGA,L5C4E6,Ontario,1170 BURNHAMTHORPE RD W UNIT 8 MISSISSAUGA L5C4E6,43.5682703,-79.6629285,2021-04-11,
SHOPPERS DRUG MART #831,1 QUEENSGATE BLVD,BOLTON,L7E2X7,Ontario,1 QUEENSGATE BLVD BOLTON L7E2X7,43.8690499,-79.7221094,2021-04-11,
SHOPPERS DRUG MART #906,1891 RATHBURN RD E,MISSISSAUGA,L4W3Z3,Ontario,1891 RATHBURN RD E MISSISSAUGA L4W3Z3,43.6364343,-79.5962486,2021-04-11,
PROFESSIONAL MEDICAL PHARMACY,101-1420 BURNHAMTHORPE RD E,MISSISSAUGA,L4X2Z9,Ontario,101-1420 BURNHAMTHORPE RD E MISSISSAUGA L4X2Z9,43.622949,-79.6013391,2021-04-11,
WAL-MART PHARMACY,3155 ARGENTIA RD,MISSISSAUGA,L5N8E1,Ontario,3155 ARGENTIA RD MISSISSAUGA L5N8E1,43.5943086,-79.788871,2021-04-11,
ULTRA MED PHARMACY LTD,31 STEEPLE BUSH AVE UNIT 4,BRAMPTON,L6R2B4,Ontario,31 STEEPLE BUSH AVE UNIT 4 BRAMPTON L6R2B4,43.7608446,-79.743624,2021-04-11,
WAL-MART PHARMACY,2160 BURNAMTHORPE RD W,MISSISSAUGA,L5L5Z5,Ontario,2160 BURNAMTHORPE RD W MISSISSAUGA L5L5Z5,43.5439603,-79.6833601,2021-04-11,
SHOPPERS DRUG MART #1369,10970 AIRPORT RD UNIT B,BRAMPTON,L6R0E1,Ontario,10970 AIRPORT RD UNIT B BRAMPTON L6R0E1,43.7787466,-79.7433269,2021-04-11,
SHOPPERS DRUG MART #1225,10661 CHINGUACOUSY RD,BRAMPTON,L7A0N5,Ontario,10661 CHINGUACOUSY RD BRAMPTON L7A0N5,43.697996,-79.8236338,2021-04-11,
SHOPPERS DRUG MART # 1092,8965 CHINGUACOUSY RD,BRAMPTON,L6Y0J2,Ontario,8965 CHINGUACOUSY RD BRAMPTON L6Y0J2,43.6659871,-79.7798059,2021-04-11,
LOBLAW PHARMACY #2801,85 STEELES AVE W,BRAMPTON,L6Y0K3,Ontario,85 STEELES AVE W BRAMPTON L6Y0K3,43.6641764,-79.7338533,2021-04-11,
SHOPPERS SIMPLY PHARMACY#3072,3530 DERRY RD E,MISSISSAUGA,L4T4E3,Ontario,3530 DERRY RD E MISSISSAUGA L4T4E3,43.7141429,-79.6299018,2021-04-11,
DRUG STORE PHARMACY #4077,620 EGLINTON AVE W,MISSISSAUGA,L5R3V2,Ontario,620 EGLINTON AVE W MISSISSAUGA L5R3V2,43.5934895,-79.6672306,2021-04-11,
SHOPPERS DRUG MART #1199,10088 MCLAUGHLIN RD,BRAMPTON,L7A2X6,Ontario,10088 MCLAUGHLIN RD BRAMPTON L7A2X6,43.6963155,-79.8007812,2021-04-11,
MAIN STREET PHARMACY,101-60 GILLINGHAM DRIVE,BRAMPTON,L6X0Z9,Ontario,101-60 GILLINGHAM DRIVE BRAMPTON L6X0Z9,43.7042447,-79.786312,2021-04-11,
CHARLOLAIS PHARMACY,305 CHAROLAIS BLVD,BRAMPTON,L6Y2R2,Ontario,305 CHAROLAIS BLVD BRAMPTON L6Y2R2,43.6587437,-79.7498416,2021-04-11,
SPRINGDALE PHARMACY,630 PETER ROBERTSON BLVD,BRAMPTON,L6R1T4,Ontario,630 PETER ROBERTSON BLVD BRAMPTON L6R1T4,43.7405475,-79.7599989,2021-04-11,
REXALL,227 VODDEN ST EAST,BRAMPTON,L6V1N2,Ontario,227 VODDEN ST EAST BRAMPTON L6V1N2,43.7034249,-79.7570735,2021-04-11,
SHOPPERS DRUG MART #907,6040 GLEN ERIN DRIVE,MISSISSAUGA,L5N3M4,Ontario,6040 GLEN ERIN DRIVE MISSISSAUGA L5N3M4,43.5746635,-79.7394468,2021-04-11,
SHOPPERS DRUG MART #711,720 BRISTOL RD W,MISSISSAUGA,L5R4A3,Ontario,720 BRISTOL RD W MISSISSAUGA L5R4A3,43.5991746,-79.6792401,2021-04-11,
REXALL,1-1375 SOUTHDOWN RD,MISSISSAUGA,L5J2Z1,Ontario,1-1375 SOUTHDOWN RD MISSISSAUGA L5J2Z1,43.5196356,-79.6395342,2021-04-11,
WAL-MART PHARMACY,30 COVENTRY RD,BRAMPTON,L6T5P9,Ontario,30 COVENTRY RD BRAMPTON L6T5P9,43.7403333,-79.6958116,2021-04-11,
SOUTHGATE PHARMACY,11C-700 BALMORAL DR,BRAMPTON,L6T1X2,Ontario,11C-700 BALMORAL DR BRAMPTON L6T1X2,43.7221516,-79.6987048,2021-04-11,
REXALL #2378,3100 DIXIE RD,MISSISSAUGA,L4Y2A0,Ontario,3100 DIXIE RD MISSISSAUGA L4Y2A0,43.6094773,-79.5865477,2021-04-11,
THE DRUG STORE PHARMACY #4079,295 QUEEN ST E,BRAMPTON,L6W3R1,Ontario,295 QUEEN ST E BRAMPTON L6W3R1,43.7027877,-79.7378724,2021-04-11,
CALEDON EAST PHARMACY,15771 AIRPORT RD UNIT 1,CALEDON EAST,L7C1K2,Ontario,15771 AIRPORT RD UNIT 1 CALEDON EAST L7C1K2,43.8662454,-79.8609207,2021-04-11,
BRAMEAST PHARMACY,2130 NORTH PARK DR UNIT #43-44,BRAMPTON,L6S0C9,Ontario,2130 NORTH PARK DR UNIT #43-44 BRAMPTON L6S0C9,43.7496824,-79.7265718,2021-04-11,
SHOPPERS DRUG MART #1272,128 QUEEN STREET S,MISSISSAUGA,L5M1K8,Ontario,128 QUEEN STREET S MISSISSAUGA L5M1K8,43.5832253,-79.7158621,2021-04-11,
REXALL,F001-6045 CREDITVIEW RD,MISSISSAUGA,L5V2A8,Ontario,F001-6045 CREDITVIEW RD MISSISSAUGA L5V2A8,43.5999132,-79.7102764,2021-04-11,
DRUGSTORE PHARMACY #4066,55 MOUNTAINASH RD,BRAMPTON,L6R1W4,Ontario,55 MOUNTAINASH RD BRAMPTON L6R1W4,43.7602745,-79.7299534,2021-04-11,
KING MEDICAL ARTS PHARMACY,71 KING ST W,MISSISSAUGA,L5B4A2,Ontario,71 KING ST W MISSISSAUGA L5B4A2,43.5783055,-79.6172296,2021-04-11,
LOBLAW PHARMCY #2841,3045 MAVIS RD,MISSISSAUGA,L5C1T7,Ontario,3045 MAVIS RD MISSISSAUGA L5C1T7,43.5677449,-79.6335428,2021-04-11,
CUMBERLAND PHARMACY,2- 131 KENNEDY RD N,BRAMPTON,L6V1X9,Ontario,2- 131 KENNEDY RD N BRAMPTON L6V1X9,43.6957188,-79.7494729,2021-04-11,
REXALL #2100,16-3221 DERRY RD,MISSISSAUGA,L5N7L7,Ontario,16-3221 DERRY RD MISSISSAUGA L5N7L7,43.583546,-79.778688,2021-04-11,
SHOPPERS DRUG MART #701,34 A AVONDALE BLVD,BRAMPTON,L6T1H3,Ontario,34 A AVONDALE BLVD BRAMPTON L6T1H3,43.7073389,-79.6992351,2021-04-11,
SHOPPERS DRUG MART #1326,3938 COTTRELLE BLVD,BRAMPTON,L6P2R1,Ontario,3938 COTTRELLE BLVD BRAMPTON L6P2R1,43.7847274,-79.6622269,2021-04-11,
DRUGSTORE PHARMACY #4336,6085 CREDITVIEW RD,MISSISSAUGA,L5V2A8,Ontario,6085 CREDITVIEW RD MISSISSAUGA L5V2A8,43.5994406,-79.7132567,2021-04-11,
SHOPPERS DRUG MART #1057,3476 GLEN ERIN DR,MISSISSAUGA,L5L3R4,Ontario,3476 GLEN ERIN DR MISSISSAUGA L5L3R4,43.5367884,-79.687044,2021-04-11,
WAL-MART PHARMACY,800 MATHESON BLVD W,MISSISSAUGA,L5V2N6,Ontario,800 MATHESON BLVD W MISSISSAUGA L5V2N6,43.6073887,-79.6911605,2021-04-11,
SHOPPERS DRUG MART #904,5100 ERIN MILLS PKWY,MISSISSAUGA,L5M4Z5,Ontario,5100 ERIN MILLS PKWY MISSISSAUGA L5M4Z5,43.5586447,-79.7115912,2021-04-11,
SHOPPERS DRUG MART #901,7235 BELLSHIRE GATE,MISSISSAUGA,L5N8A2,Ontario,7235 BELLSHIRE GATE MISSISSAUGA L5N8A2,43.6217422,-79.7430545,2021-04-11,
REXALL #2080,3010 THOMAS ST,MISSISSAUGA,L5M0R4,Ontario,3010 THOMAS ST MISSISSAUGA L5M0R4,43.5603016,-79.7337249,2021-04-11,
HOOPER'S PHARMACY,88 LAKESHORE RD E,MISSISSAUGA,L5G1E1,Ontario,88 LAKESHORE RD E MISSISSAUGA L5G1E1,43.5530547,-79.5845088,2021-04-11,
WAL-MART PHARMACY #1137,7333 GOREWAY DRIVE,MALTON,L4T2T8,Ontario,7333 GOREWAY DRIVE MALTON L4T2T8,43.7211646,-79.6398594,2021-04-11,
DUKH BHANJAN PHARMACY,B5-475 CHAROLAIS BLVD,BRAMPTON,L6Y0M2,Ontario,B5-475 CHAROLAIS BLVD BRAMPTON L6Y0M2,43.6510185,-79.7584448,2021-04-11,
REXALL #6938,2100 BOVAIRD DR,BRAMPTON,L6R3J7,Ontario,2100 BOVAIRD DR BRAMPTON L6R3J7,43.7472961,-79.7430207,2021-04-11,
FATHER TOBIN PHARMACY,105 FATHER TOBIN RD,BRAMPTON,L6R0W9,Ontario,105 FATHER TOBIN RD BRAMPTON L6R0W9,43.7711798,-79.7548095,2021-04-11,
ROBINSON'S IDA PHARMACY,181 QUEEN ST S,STREETSVILLE,L5M1L2,Ontario,181 QUEEN ST S STREETSVILLE L5M1L2,43.5820402,-79.7138123,2021-04-11,
SHOPPERS DRUG MART #1447,10665 BRAMALEA RD,BRAMPTON,L6R3P4,Ontario,10665 BRAMALEA RD BRAMPTON L6R3P4,43.7573939,-79.7607531,2021-04-11,
SHOPPERS DRUG MART #1555,2000 CREDIT VALLEY ROAD,MISSISSAUGA,L5M4N4,Ontario,2000 CREDIT VALLEY ROAD MISSISSAUGA L5M4N4,43.5623283,-79.7022115,2021-04-11,
REXALL,398 QUEEN ST WEST,BRAMPTON,L6X1B3,Ontario,398 QUEEN ST WEST BRAMPTON L6X1B3,43.6761211,-79.7720576,2021-04-11,
SHOPPERS DRUG MART #1466,520 CHAROLAIS BLVD,BRAMPTON,L6Y0R5,Ontario,520 CHAROLAIS BLVD BRAMPTON L6Y0R5,43.6500931,-79.7611036,2021-04-11,
CLARKSON PHARMACHOICE,1865 LAKESHORE RD W,MISSISSAUGA,L5J4P1,Ontario,1865 LAKESHORE RD W MISSISSAUGA L5J4P1,43.5153591,-79.6265957,2021-04-11,
SANDALWOOD DRUGS,10B-30 EGLINTON AVE W,MISSISSAUGA,L5R3E7,Ontario,10B-30 EGLINTON AVE W MISSISSAUGA L5R3E7,43.605592,-79.6526666,2021-04-11,
DRUGSTORE PHARMACY #558,487 QUEEN ST S,BOLTON,L7E2B4,Ontario,487 QUEEN ST S BOLTON L7E2B4,43.8714524,-79.7243836,2021-04-11,
METRO PHARMACY #583,20 GREAT LAKES DR,BRAMPTON,L6R2K7,Ontario,20 GREAT LAKES DR BRAMPTON L6R2K7,43.7311192,-79.7625929,2021-04-11,
SHOPPERS SIMPLY PHARMACY #3088,380 BOVAIRD DR EAST UNIT 26,BRAMPTON,L6S2S8,Ontario,380 BOVAIRD DR EAST UNIT 26 BRAMPTON L6S2S8,43.7140887,-79.7808132,2021-04-11,
DRUGSTORE PHARMACY #4329,70 CLEMENTINE DR,BRAMPTON,L6Y0L8,Ontario,70 CLEMENTINE DR BRAMPTON L6Y0L8,43.6451692,-79.7550584,2021-04-11,
THE QUEEN PHARMACY,5025 CREDITVIEW RD,MISSISSAUGA,L5V3E5,Ontario,5025 CREDITVIEW RD MISSISSAUGA L5V3E5,43.5784457,-79.6853342,2021-04-11,
METRO PHARMACY #527,2225 ERIN MILLS PKWY,MISSISSAUGA,L5K1T9,Ontario,2225 ERIN MILLS PKWY MISSISSAUGA L5K1T9,43.5307487,-79.6533683,2021-04-11,
IDA ST. PETER'S PHARMACY,20 RAMBLER DR,BRAMPTON,L6W1E2,Ontario,20 RAMBLER DR BRAMPTON L6W1E2,43.6783178,-79.7276397,2021-04-11,
MEDICAL PHARMACY,2-2735 MATHESON BLVD EAST,MISSISSAUGA,L4W4M8,Ontario,2-2735 MATHESON BLVD EAST MISSISSAUGA L4W4M8,43.6627752,-79.5971263,2021-04-11,
SHOPPERS DRUG MART #1499,1-745-100 CITY CENTRE DRIVE,MISSISSAUGA,L5B2C9,Ontario,1-745-100 CITY CENTRE DRIVE MISSISSAUGA L5B2C9,43.5948561,-79.6400953,2021-04-11,
LOBLAW PHARMACY #4393,2150 BURNHAMTHORPE RD,MISSISSAUGA,L5L3A2,Ontario,2150 BURNHAMTHORPE RD MISSISSAUGA L5L3A2,43.5442279,-79.6836754,2021-04-11,
METRO PHARMACY #554,3221 DERRY RD W,MISSISSAUGA,L5N7L7,Ontario,3221 DERRY RD W MISSISSAUGA L5N7L7,43.5837857,-79.7784483,2021-04-11,
THE DRUGSTORE PHARMACY #1003,5970 MCLAUGHLIN RD,MISSISSAUGA,L5R3X9,Ontario,5970 MCLAUGHLIN RD MISSISSAUGA L5R3X9,43.6146565,-79.6886222,2021-04-11,
FANDOR PHARMACY,1A-15 FANDOR WAY,BRAMPTON,L7A4S2,Ontario,1A-15 FANDOR WAY BRAMPTON L7A4S2,43.6900672,-79.81501,2021-04-11,
SOBEYS PHARMACY #7204,5602 TENTH LINE W,MISSISSAUGA,L5M7L9,Ontario,5602 TENTH LINE W MISSISSAUGA L5M7L9,43.5591152,-79.7447193,2021-04-11,
SURECARE PHARMACY,15-2575 DUNDAS STREET WEST,MISSISSAUGA,L5K2M6,Ontario,15-2575 DUNDAS STREET WEST MISSISSAUGA L5K2M6,43.5258603,-79.6804557,2021-04-11,
METRO PHARMACY #509,910 SOUTHDOWN RD,MISSISSAUGA,L5G2Y4,Ontario,910 SOUTHDOWN RD MISSISSAUGA L5G2Y4,43.5082303,-79.6302953,2021-04-11,
SOUTHFIELDS PHARMASAVE PHARM,12531 KENNEDY RD,CALEDON,L7C3T6,Ontario,12531 KENNEDY RD CALEDON L7C3T6,43.7565486,-79.8282651,2021-04-11,
ERINDALE MEDICAL PHARMACY,1101 ERINDALE AVE.,MISSISSAUGA,L5C1M6,Ontario,1101 ERINDALE AVE. MISSISSAUGA L5C1M6,43.5627223,-79.651117,2021-04-11,
QUEEN HANSEN PHARMACY,116-284 QUEEN STREET EAST,BRAMPTON,L6V1C2,Ontario,116-284 QUEEN STREET EAST BRAMPTON L6V1C2,43.6996614,-79.7464113,2021-04-11,
NEWIN PHARMACY,30-2580 SHEPARD AVE,MISSISSAUGA,L5A4K3,Ontario,30-2580 SHEPARD AVE MISSISSAUGA L5A4K3,43.5805225,-79.6142269,2021-04-11,
BRAMCITY PHARMACY,14 LISA ST,BRAMPTON,L6T4W2,Ontario,14 LISA ST BRAMPTON L6T4W2,43.7132335,-79.7270175,2021-04-11,
GREEN BAY PHARMACY & MED.CTR.,3015 WINSTON CHURCHILL BLVD,MISSISSAUGA,L5L2V8,Ontario,3015 WINSTON CHURCHILL BLVD MISSISSAUGA L5L2V8,43.524095,-79.6823651,2021-04-11,
ERIN CREEK PHARMASAVE,10-6400 MILLCREEK DR,MISSISSAUGA,L5N3E7,Ontario,10-6400 MILLCREEK DR MISSISSAUGA L5N3E7,43.5887462,-79.7403321,2021-04-11,
WINDWOOD PHARMACY,6-3080 WINDWOOD DR,MISSISSAUGA,L5N2K5,Ontario,6-3080 WINDWOOD DR MISSISSAUGA L5N2K5,43.5759701,-79.749026,2021-04-11,
LIONHEAD PHARMACY,8405 FINANCIAL DRIVE,BRAMPTON,L6Y1M1,Ontario,8405 FINANCIAL DRIVE BRAMPTON L6Y1M1,43.6351041,-79.7871355,2021-04-11,
LMC PHARMACY BRAMPTON,2979 BOVAIRD DRIVE EAST,BRAMPTON,L6S0C6,Ontario,2979 BOVAIRD DRIVE EAST BRAMPTON L6S0C6,43.760532,-79.7231098,2021-04-11,
PHARMA CENTER PHARMACY,164 QUEEN ST E UNIT 105,BRAMPTON,L6V1B4,Ontario,164 QUEEN ST E UNIT 105 BRAMPTON L6V1B4,43.6926068,-79.7532771,2021-04-11,
SOBEYS PHARMACY #7221,8975 CHINGUACOUSY RD,BRAMPTON,L6Y0J2,Ontario,8975 CHINGUACOUSY RD BRAMPTON L6Y0J2,43.6667732,-79.7790614,2021-04-11,
CREDIT RIDGE REMEDY'S RX,7-9525 MISSISSAUGA ROAD,BRAMPTON,L6X0Z8,Ontario,7-9525 MISSISSAUGA ROAD BRAMPTON L6X0Z8,43.658418,-79.8169362,2021-04-11,
POTTERS WHEEL PHARMACY,3-10725 MCLAUGHLIN ROAD,BRAMPTON,L7A3E5,Ontario,3-10725 MCLAUGHLIN ROAD BRAMPTON L7A3E5,43.7102558,-79.8157516,2021-04-11,
YUAN MING PHARMACY,1000 BURNAMTHORPE RD W,MISSISSAUGA,L5C2S4,Ontario,1000 BURNAMTHORPE RD W MISSISSAUGA L5C2S4,43.5718013,-79.6584555,2021-04-11,
HERITAGE GLEN PHARMACY,6515 GLEN ERIN DR,MISSISSAUGA,L5N2X9,Ontario,6515 GLEN ERIN DR MISSISSAUGA L5N2X9,43.5829498,-79.7521642,2021-04-11,
HEALING HANDS PHARMACY,22-3105 WINSTON CHURCHILL BLVD,MISSISSAUGA,L5L5S3,Ontario,22-3105 WINSTON CHURCHILL BLVD MISSISSAUGA L5L5S3,43.5258619,-79.6832714,2021-04-11,
GATEWAY MEDICAL PLEX PHARMACY,3+4-25 GATEWAY BLVD.,BRAMPTON,L6T0H8,Ontario,3+4-25 GATEWAY BLVD. BRAMPTON L6T0H8,43.738,-79.701443,2021-04-11,
NORTH MEDAFIX PHARMACY,3-6905 MILLCREEK DR,MISSISSAUGA,L5N6A3,Ontario,3-6905 MILLCREEK DR MISSISSAUGA L5N6A3,43.5960923,-79.7567231,2021-04-11,
JACKSON'S GUARDIAN PHARMACY,32 WELLINGTON,ST MARYS,N4X1B2,Ontario,32 WELLINGTON ST MARYS N4X1B2,43.2586788,-81.1424016,2021-04-11,
WALTHER'S IDA PHARMACY,40 ONTARIO RD,MITCHELL,N0K1N0,Ontario,40 ONTARIO RD MITCHELL N0K1N0,43.4676299,-81.1975062,2021-04-11,
WEST END PHARMACY,426 HURON STREET,STRATFORD,N5A5T7,Ontario,426 HURON STREET STRATFORD N5A5T7,43.3788772,-80.9981496,2021-04-11,
REXALL #6910,1154 CHEMONG RD,PETERBOROUGH,K9H7J6,Ontario,1154 CHEMONG RD PETERBOROUGH K9H7J6,44.3293054,-78.3392465,2021-04-11,
SHOPPERS DRUG MART #1306,55 ELGIN ST WEST,ARNPRIOR,K7S1N6,Ontario,55 ELGIN ST WEST ARNPRIOR K7S1N6,45.4339391,-76.3550151,2021-04-11,
SHOPPERS DRUG MART #1331,811 PEMBROKE ST E,PEMBROKE,K8A3M3,Ontario,811 PEMBROKE ST E PEMBROKE K8A3M3,45.8269164,-77.0917273,2021-04-11,
REXALL,339 RAGLAN ST SOUTH,RENFREW,K7V1R6,Ontario,339 RAGLAN ST SOUTH RENFREW K7V1R6,45.4702113,-76.6812239,2021-04-11,
CAHOON'S PHARMACY,95 DEEP RIVER ROAD,DEEP RIVER,K0J1P0,Ontario,95 DEEP RIVER ROAD DEEP RIVER K0J1P0,46.0999591,-77.4870587,2021-04-11,
REXALL,215 PEMBROKE ST EAST,PEMBROKE,K8A3J8,Ontario,215 PEMBROKE ST EAST PEMBROKE K8A3J8,45.8274408,-77.1094758,2021-04-11,
REXALL,1100 PEMBROKE ST EAST,PEMBROKE,K8A6Y7,Ontario,1100 PEMBROKE ST EAST PEMBROKE K8A6Y7,45.8209004,-77.0844587,2021-04-11,
DRUG STORE PHARMACY #4257,680 O'BRIEN RD,RENFREW,K7V3Z4,Ontario,680 O'BRIEN RD RENFREW K7V3Z4,45.4765018,-76.6600707,2021-04-11,
SHOPPERS DRUG MART #1252,25 CIVIC CENTRE RD,PETAWAWA,K8H0B1,Ontario,25 CIVIC CENTRE RD PETAWAWA K8H0B1,45.8905059,-77.2636911,2021-04-11,
EXCELLENT CARE PHARMACY,386 DANIEL ST S,ARNPRIOR,K7S3G9,Ontario,386 DANIEL ST S ARNPRIOR K7S3G9,45.4237347,-76.3680964,2021-04-11,
CONWAY'S PHARMACY,60 MAIN ST,COBDEN,K0J1K0,Ontario,60 MAIN ST COBDEN K0J1K0,45.6266673,-76.8859361,2021-04-11,
REXALL,1011 VICTORIA ST,PETAWAWA,K8H2E2,Ontario,1011 VICTORIA ST PETAWAWA K8H2E2,45.898946,-77.2821076,2021-04-11,
WHITNEY PHARMACY,29542 HWY 60,WHITNEY,K0J2M0,Ontario,29542 HWY 60 WHITNEY K0J2M0,45.4929174,-78.2376105,2021-04-11,
SHOPPERS DRUG MART #991,55 FRONT ST,ORILLIA,L3V1W7,Ontario,55 FRONT ST ORILLIA L3V1W7,44.6116493,-79.4162191,2021-04-11,
SHOPPERS DRUG MART #650,524 BAYFIELD ST N,BARRIE,L4M5A2,Ontario,524 BAYFIELD ST N BARRIE L4M5A2,44.4137436,-79.7129061,2021-04-11,
COSTO PHARMACY # 1265,625 UNIVERSITY AVE,ORILLIA,L3V0Y7,Ontario,625 UNIVERSITY AVE ORILLIA L3V0Y7,44.5946681,-79.4536549,2021-04-11,
WAL-MART PHARMACY,450 BAYFIELD ST,BARRIE,L4M5A2,Ontario,450 BAYFIELD ST BARRIE L4M5A2,44.4109009,-79.7111931,2021-04-11,
LOBLAW PHARMACY,9292 HWY 93,MIDLAND,L4R4K4,Ontario,9292 HWY 93 MIDLAND L4R4K4,44.7175758,-79.8972249,2021-04-11,
TOTTENHAM PHARMACY,55 QUEEN ST. S.,TOTTENHAM,L0G1W0,Ontario,55 QUEEN ST. S. TOTTENHAM L0G1W0,44.0199707,-79.8039336,2021-04-11,
LOBLAW PHARMACY #4229,131 HOWLAND DR,HUNTSVILLE,P1H2P7,Ontario,131 HOWLAND DR HUNTSVILLE P1H2P7,45.3446399,-79.2269206,2021-04-11,
WAL-MART PHARMACY,545 HOLLAND ST. WEST,BRADFORD,L3Z0C1,Ontario,545 HOLLAND ST. WEST BRADFORD L3Z0C1,44.1093374,-79.5975737,2021-04-11,
PHARMA PLUS #1388,29-320 BAYFIELD ST,BARRIE,L4M3B9,Ontario,29-320 BAYFIELD ST BARRIE L4M3B9,44.4014109,-79.7034213,2021-04-11,
SANDY COVE DRUG STORE,3-902 LOCKHART RD,INNISFIL,L9S4V2,Ontario,3-902 LOCKHART RD INNISFIL L9S4V2,44.3529044,-79.5534317,2021-04-11,
PHARMA PLUS #1370,353 DUCKWORTH ST,BARRIE,L4M3X8,Ontario,353 DUCKWORTH ST BARRIE L4M3X8,44.4075607,-79.673014,2021-04-11,
HOLLAND STREET PHARMACY,B3-484 HOLLAND ST W,BRADFORD,L3Z0A2,Ontario,B3-484 HOLLAND ST W BRADFORD L3Z0A2,44.1078642,-79.591509,2021-04-11,
SIMCOE SQUARE PHARMACY,9-157 HOLLAND ST E,BRADFORD,L3Z2B2,Ontario,9-157 HOLLAND ST E BRADFORD L3Z2B2,44.1145881,-79.5645365,2021-04-11,
SOBEYS PHARMACY #7246,40 MELBOURNE DR,BRADFORD,L3Z2B9,Ontario,40 MELBOURNE DR BRADFORD L3Z2B9,44.1096085,-79.5800977,2021-04-11,
BRADFORD MEDEX PHARMACY,80 HOLLAND ST E,BRADFORD,L3Z2B8,Ontario,80 HOLLAND ST E BRADFORD L3Z2B8,44.1147497,-79.5619025,2021-04-11,
SHOPPERS DRUG MART #1173,C-2 509 BAYFIELD ST,BARRIE,L4M4Z8,Ontario,C-2 509 BAYFIELD ST BARRIE L4M4Z8,44.413086,-79.708084,2021-04-11,
LOBLAW PHARMACY #505,500 HOLLAND,BRADFORD,L3Z0A2,Ontario,500 HOLLAND BRADFORD L3Z0A2,44.1057071,-79.5916902,2021-04-11,
PHARMASAVE 9717,6A 305 BARRIE ST,BRADFORD,L3Z2B1,Ontario,6A 305 BARRIE ST BRADFORD L3Z2B1,44.1260137,-79.5667534,2021-04-11,
PHARMALINK IDA PHAMRACY,2-456 HOLLAND ST. WEST,BRADFORD,L3Z0G1,Ontario,2-456 HOLLAND ST. WEST BRADFORD L3Z0G1,44.108581,-79.5864844,2021-04-11,
PROHEALTH PHARMACY,5-480 MAPLETON AVE,BARRIE,L4N9C2,Ontario,5-480 MAPLETON AVE BARRIE L4N9C2,44.3394043,-79.701388,2021-04-11,
SHOPPERS DRUG MART #969,204 FIRST AVE,ST THOMAS,N5R4P5,Ontario,204 FIRST AVE ST THOMAS N5R4P5,42.7635021,-81.1753527,2021-04-11,
SHOPPERS DRUG MART 1176,A-200 BROADWAY ST,TILLSONBURG,N4G5A7,Ontario,A-200 BROADWAY ST TILLSONBURG N4G5A7,42.8621788,-80.7281543,2021-04-11,
COWARD PHARMACY LTD.,165 BROADWAY STREET,TILLSONBURG,N4G3P9,Ontario,165 BROADWAY STREET TILLSONBURG N4G3P9,42.8610907,-80.7289126,2021-04-11,
HEALTH CENTRE PHARMACY,230 FIRST AVE,ST THOMAS,N5R4P5,Ontario,230 FIRST AVE ST THOMAS N5R4P5,42.7627982,-81.1760418,2021-04-11,
SHOPPERS DRUG MART #1171,333 DUNDAS ST,WOODSTOCK,N4S1B5,Ontario,333 DUNDAS ST WOODSTOCK N4S1B5,43.1297934,-80.7629234,2021-04-11,
SHOPPERS DRUG MART #1174,120 THAMES ST N,INGERSOLL,N5C4B1,Ontario,120 THAMES ST N INGERSOLL N5C4B1,43.0426894,-80.8867217,2021-04-11,
HIGHLAND DRUG MART,222 COLBORNE ST,PORT STANLEY,N5L1C2,Ontario,222 COLBORNE ST PORT STANLEY N5L1C2,42.6662591,-81.2124007,2021-04-11,
LOBLAW PHARMACY #579,969 DUNDAS ST,WOODSTOCK,N4S1H2,Ontario,969 DUNDAS ST WOODSTOCK N4S1H2,43.1354121,-80.7313161,2021-04-11,
WAL-MART PHARMACY,1063 TALBOT ST UNIT 60,ST THOMAS,N5P1G4,Ontario,1063 TALBOT ST UNIT 60 ST THOMAS N5P1G4,42.7790377,-81.1671523,2021-04-11,
DRUGSTORE PHARMACY #551,50-1063 TALBOT ST,ST THOMAS,N5P1G4,Ontario,50-1063 TALBOT ST ST THOMAS N5P1G4,42.778945,-81.174223,2021-04-11,
AYLMER IDA PHARMACY,6 TALBOT STREET EAST,AYLMER,N5H1H4,Ontario,6 TALBOT STREET EAST AYLMER N5H1H4,42.7728032,-80.9827041,2021-04-11,
SHOPPERS DRUG MART #1067,410 TALBOT STREET,ST THOMAS,N5P1B9,Ontario,410 TALBOT STREET ST THOMAS N5P1B9,42.7787939,-81.1968819,2021-04-11,
SHOPPERS DRUG MART #1175,19 STOVER STREET NORTH,NORWICH,N0J1P0,Ontario,19 STOVER STREET NORTH NORWICH N0J1P0,42.9884697,-80.5981275,2021-04-11,
TAVISTOCK PHARMACY,17 WOODSTOCK ST S,TAVISTOCK,N0B2R0,Ontario,17 WOODSTOCK ST S TAVISTOCK N0B2R0,43.320535,-80.8363516,2021-04-11,
REXALL #6912,706 DUNDAS ST,WOODSTOCK,N4S1E7,Ontario,706 DUNDAS ST WOODSTOCK N4S1E7,43.1308471,-80.7462986,2021-04-11,
TILLSONBURG REMEDY'S RX,400 SIMCOE ST,TILLSONBURG,N4G4X1,Ontario,400 SIMCOE ST TILLSONBURG N4G4X1,42.855743,-80.6912372,2021-04-11,
HIGHLAND PHARMACY,172 CURRIE RD,DUTTON,N0L1J0,Ontario,172 CURRIE RD DUTTON N0L1J0,42.6628057,-81.5019256,2021-04-11,
PHARMASAVE ELGIN MALL,109-A-417 WELLINGTON ST,ST THOMAS,N5R5J5,Ontario,109-A-417 WELLINGTON ST ST THOMAS N5R5J5,42.7748897,-81.1648766,2021-04-11,
HILLS CLINIC PHARMACY,420 TALBOT ST W,AYLMER,N5H1K9,Ontario,420 TALBOT ST W AYLMER N5H1K9,42.7731066,-80.9945019,2021-04-11,
REXALL #6901,379 SPRINGBANK AVE NORTH,WOODSTOCK,N4T1H3,Ontario,379 SPRINGBANK AVE NORTH WOODSTOCK N4T1H3,43.1462285,-80.7376451,2021-04-11,
ELMDALE MEDICAL PHARMACY,25 ELM STREET,ST. THOMAS,N5R1H5,Ontario,25 ELM STREET ST. THOMAS N5R1H5,42.7642309,-81.1965375,2021-04-11,
DRUG STORE PHARMACY #4132,657 JOHN ST,AYLMER,N5H3J1,Ontario,657 JOHN ST AYLMER N5H3J1,42.7854236,-80.9821054,2021-04-11,
TILLSONBURG CARE PHARMACY,1-594 BROADWAY ST,TILLSONBURG,N4G3S8,Ontario,1-594 BROADWAY ST TILLSONBURG N4G3S8,42.878194,-80.7450938,2021-04-11,
LAKEVIEW PHARMACY,2-805 VANSITTART AVE,WOODSTOCK,N4T0L6,Ontario,2-805 VANSITTART AVE WOODSTOCK N4T0L6,43.151363,-80.771908,2021-04-11,
REXALL #6927,1975 BANCROFT DR,SUDBURY,P3B1T1,Ontario,1975 BANCROFT DR SUDBURY P3B1T1,46.4902559,-80.9353649,2021-04-11,
WAL-MART PHARMACY,1349 LASALLE BLVD,SUDBURY,P3A1Z2,Ontario,1349 LASALLE BLVD SUDBURY P3A1Z2,46.5205995,-80.9483066,2021-04-11,
SAFEWAY PHARMACY #4807,664,70 NORTH COURT STREET,Ontario,Ontario,664 70 NORTH COURT STREET Ontario,51.253775,-85.323214,2021-04-11,
KIRKLAND PHARMACY,38 GOVERNMENT ROAD WEST,KIRKLAND LAKE,P2N2E2,Ontario,38 GOVERNMENT ROAD WEST KIRKLAND LAKE P2N2E2,48.1502781,-80.0360425,2021-04-11,
COSTCO PHARMACY #512,4438 KING ST E,KITCHENER,N2P2G4,Ontario,4438 KING ST E KITCHENER N2P2G4,43.4073556,-80.3914382,2021-04-11,
SHOPPERS DRUGMART #730,658 ERB ST W,WATERLOO,N2T2Z7,Ontario,658 ERB ST W WATERLOO N2T2Z7,43.4459248,-80.5734083,2021-04-11,
DRUGSTORE PHARMACY #533,400 CONESTOGA BLVD,CAMBRIDGE,N1R7L7,Ontario,400 CONESTOGA BLVD CAMBRIDGE N1R7L7,43.3939692,-80.3163143,2021-04-11,
COSTCO PHARMACY #1248,930 ERB ST W,WATERLOO,N2J3Z4,Ontario,930 ERB ST W WATERLOO N2J3Z4,43.444753,-80.5771954,2021-04-11,
DRUGSTORE PHARMACY #2822,875 HIGHLAND RD W,KITCHENER,N2N2Y2,Ontario,875 HIGHLAND RD W KITCHENER N2N2Y2,43.4295865,-80.526481,2021-04-11,
DRUGSTORE PHARMACY #576,200 FRANKLIN BLVD,CAMBRIDGE,N1R5R6,Ontario,200 FRANKLIN BLVD CAMBRIDGE N1R5R6,43.3569058,-80.2892944,2021-04-11,
SHOPPERS DRUG MART #979,1500 KING ST EAST,CAMBRIDGE,N3H3R6,Ontario,1500 KING ST EAST CAMBRIDGE N3H3R6,43.389663,-80.3465977,2021-04-11,
SHOPPERS DRUG MART #1090,190 NORTHFIELD DRIVE WEST,WATERLOO,N2L0C7,Ontario,190 NORTHFIELD DRIVE WEST WATERLOO N2L0C7,43.4966719,-80.5482723,2021-04-11,
SHOPPERS DRUG MART #731,563 HIGHLAND RD W,KITCHENER,N2M5K2,Ontario,563 HIGHLAND RD W KITCHENER N2M5K2,43.4342044,-80.5166363,2021-04-11,
DRUGSTORE PHARMACY #560,750 OTTAWA ST S,KITCHENER,N2E1B6,Ontario,750 OTTAWA ST S KITCHENER N2E1B6,43.4237858,-80.4873985,2021-04-11,
SHOPPERS DRUG MART #1334,310 FAIRWAY RD S,KITCHENER,N2C1X3,Ontario,310 FAIRWAY RD S KITCHENER N2C1X3,43.4215469,-80.4439946,2021-04-11,
REXALL #2469,585 WEBER ST,WATERLOO,N2V1V8,Ontario,585 WEBER ST WATERLOO N2V1V8,43.4964037,-80.5505957,2021-04-11,
REXALL,425 UNIVERSITY AVE EAST,WATERLOO,N2K4C9,Ontario,425 UNIVERSITY AVE EAST WATERLOO N2K4C9,43.4894312,-80.4918288,2021-04-11,
REXALL,537 FREDERICK ST,KITCHENER,N2B2A7,Ontario,537 FREDERICK ST KITCHENER N2B2A7,43.4591588,-80.4687193,2021-04-11,
SHOPPERS DRUG MART #728,CONESTOGA MALL,WATERLOO,N2L5W6,Ontario,CONESTOGA MALL WATERLOO N2L5W6,43.4979023,-80.5273387,2021-04-11,
SHOPPERS DRUG MART # 727,42,WATERLOO,N2J1P2,Ontario,42 WATERLOO N2J1P2,43.4682784,-80.5202994,2021-04-11,
REXALL #8169,350 CONESTOGA BLVD,CAMBRIDGE,N1R7L7,Ontario,350 CONESTOGA BLVD CAMBRIDGE N1R7L7,43.3903468,-80.3143557,2021-04-11,
WAL-MART PHARMACY,335 FARMERS MARKET RD,WATERLOO,N2V0A4,Ontario,335 FARMERS MARKET RD WATERLOO N2V0A4,43.5081817,-80.548171,2021-04-11,
LOBLAW PHARMACY # 4334,1540 HAYSVILLE RD,NEW HAMBURG,N3A0A2,Ontario,1540 HAYSVILLE RD NEW HAMBURG N3A0A2,43.3704628,-80.7035088,2021-04-11,
WAL-MART PHARMACY,1400 OTTAWA ST S,KITCHENER,N2E4E2,Ontario,1400 OTTAWA ST S KITCHENER N2E4E2,43.4162985,-80.5121036,2021-04-11,
SHOPPERS DRUG MART #1440,600 LAURELWOOD DR,WATERLOO,N2V0A2,Ontario,600 LAURELWOOD DR WATERLOO N2V0A2,43.4722786,-80.5934358,2021-04-11,
FOOD BASICS PHARMACY #559,370 HIGHLAND RD W,KITCHENER,N2M3C7,Ontario,370 HIGHLAND RD W KITCHENER N2M3C7,43.4381934,-80.511545,2021-04-11,
HESPELER PHARMACY,1000 JAMIESON PKWY UNIT 13,CAMBRIDGE,N3C4B3,Ontario,1000 JAMIESON PKWY UNIT 13 CAMBRIDGE N3C4B3,43.4248663,-80.2854012,2021-04-11,
POLLOCK & WILLIAMS PHARMACY,307 LANCASTER ST WEST,KITCHENER,N2H4V4,Ontario,307 LANCASTER ST WEST KITCHENER N2H4V4,43.468973,-80.4845969,2021-04-11,
DRUGSTORE PHARMACY #525,315 LINCOLN RD,WATERLOO,N2J4H7,Ontario,315 LINCOLN RD WATERLOO N2J4H7,43.483084,-80.5059867,2021-04-11,
REXALL,851 FISCHER-HALLMAN RD,KITCHENER,N2M5J8,Ontario,851 FISCHER-HALLMAN RD KITCHENER N2M5J8,43.4429129,-80.5432193,2021-04-11,
BELGAGE PHARMACY,525 BELMONT AVE W,KITCHENER,N2M5E2,Ontario,525 BELMONT AVE W KITCHENER N2M5E2,43.4477894,-80.5147582,2021-04-11,
LANGS MEDICAL PHARMACY,1145 CONCESSION ROAD,CAMBRIDGE,N3H4L5,Ontario,1145 CONCESSION ROAD CAMBRIDGE N3H4L5,43.3970068,-80.3441999,2021-04-11,
BISHOP PHARMACY PHARMACHOICE,111-1515 KING STREET EAST,CAMBRIDGE,N3H3R6,Ontario,111-1515 KING STREET EAST CAMBRIDGE N3H3R6,43.390191,-80.3459921,2021-04-11,
PHARMASAVE,1144 COURTLAND AVE E,KITCHENER,N2C2H5,Ontario,1144 COURTLAND AVE E KITCHENER N2C2H5,43.421948,-80.4601167,2021-04-11,
DOON MILLS PHARMACY,260 DOON SOUTH DR UNIT 4,KITCHENER,N2P2L8,Ontario,260 DOON SOUTH DR UNIT 4 KITCHENER N2P2L8,43.3819193,-80.4276536,2021-04-11,
FOOD BASICS PHARMACY #597,655 FAIRWAY RD S,KITCHENER,N2C1X4,Ontario,655 FAIRWAY RD S KITCHENER N2C1X4,43.4195122,-80.4497751,2021-04-11,
COUNTRY HILLS PHARMACY,5-153 COUNTRY HILL DR,KITCHENER,N2E2G7,Ontario,5-153 COUNTRY HILL DR KITCHENER N2E2G7,43.4168709,-80.4759881,2021-04-11,
LOBLAW PHARMACY 515,1375 WEBER ST E,KITCHENER,N2A2Y7,Ontario,1375 WEBER ST E KITCHENER N2A2Y7,43.4321789,-80.4415182,2021-04-11,
BADEN VILLAGE PHARMACY,6A-18 SNIDERS ROAD,BADEN,N3A0A7,Ontario,6A-18 SNIDERS ROAD BADEN N3A0A7,43.4042319,-80.6696248,2021-04-11,
BRESLAU PHARMACY &WELLNESS CTN,11 WOOLWICH STREET NORTH,BRESLAU,N0B1M0,Ontario,11 WOOLWICH STREET NORTH BRESLAU N0B1M0,43.482577,-80.4166341,2021-04-11,
FREEPORT RETAIL PHARMACY,3570 KING STREET EAST,KITCHENER,N2A2W1,Ontario,3570 KING STREET EAST KITCHENER N2A2W1,43.4255538,-80.4122286,2021-04-11,
PHAMILY PHARMACY,98 WEBER STREET NORTH,WATERLOO,N2J3G8,Ontario,98 WEBER STREET NORTH WATERLOO N2J3G8,43.471737,-80.513319,2021-04-11,
SOBEY'S PHARMACY #7273,640 PARKSIDE DRIVE,WATERLOO,N2L0C7,Ontario,640 PARKSIDE DRIVE WATERLOO N2L0C7,43.4987928,-80.5495743,2021-04-11,
ROCKWAY PHARMACY,5-815 WEBER ST E,KITCHENER,N2N1H5,Ontario,5-815 WEBER ST E KITCHENER N2N1H5,43.438223,-80.4597257,2021-04-11,
SILVERHEIGHTS PHARMACY,165 FISHER MILLS RD,CAMBRIDGE,N3C1E1,Ontario,165 FISHER MILLS RD CAMBRIDGE N3C1E1,43.43575,-80.3201356,2021-04-11,
SHOPPERS DRUG MART #724,104 SILVER CREEK PKWY N,GUELPH,N1H7B4,Ontario,104 SILVER CREEK PKWY N GUELPH N1H7B4,43.5381727,-80.2789099,2021-04-11,
DRUGSTORE PHARMACY #539,800 TOWER ST S,FERGUS,N1M2R3,Ontario,800 TOWER ST S FERGUS N1M2R3,43.69811,-80.3687829,2021-04-11,
WALSH'S IDA PHARMACY MT.FOREST,129 MAIN STREET SOUTH,MOUNT FOREST,N0G2L0,Ontario,129 MAIN STREET SOUTH MOUNT FOREST N0G2L0,43.9811559,-80.7352569,2021-04-11,
SHOPPERS DRUG MART #1213,7 CLAIR RD W,GUELPH,N1L0A6,Ontario,7 CLAIR RD W GUELPH N1L0A6,43.5009409,-80.1905578,2021-04-11,
CARAVAGGIO IDA DRUGS,128 MAIN STREET EAST,SHELBURNE,L9V3K5,Ontario,128 MAIN STREET EAST SHELBURNE L9V3K5,44.0787294,-80.203811,2021-04-11,
SHOPPERS DRUG MART #703,ORANGEVILLE MALL,ORANGEVILLE,L9W3T7,Ontario,ORANGEVILLE MALL ORANGEVILLE L9W3T7,43.9318123,-80.1024739,2021-04-11,
SHOPPERS DRUG MART 1340,489 BROADWAY,ORANGEVILLE,L9W0A4,Ontario,489 BROADWAY ORANGEVILLE L9W0A4,43.9136164,-80.1258902,2021-04-11,
REXALL #1081,265 ERAMOSA RD,GUELPH,N1E2M7,Ontario,265 ERAMOSA RD GUELPH N1E2M7,43.5572344,-80.248455,2021-04-11,
REXALL,520 RIDDELL RD,ORANGEVILLE,L9W5L1,Ontario,520 RIDDELL RD ORANGEVILLE L9W5L1,43.9022509,-80.1200893,2021-04-11,
UNIVERSITY SQUARE PHARMACY,987 GORDON ST UNIT 8,GUELPH,N1G4W3,Ontario,987 GORDON ST UNIT 8 GUELPH N1G4W3,43.5212537,-80.2127852,2021-04-11,
DRUGSTORE PHARMACY #554,50 FOURTH AVE,ORANGEVILLE,L9W4P1,Ontario,50 FOURTH AVE ORANGEVILLE L9W4P1,43.9261502,-80.0935966,2021-04-11,
WAL-MART PHARMACY,11 WOODLAWN RD W,GUELPH,N1H1G8,Ontario,11 WOODLAWN RD W GUELPH N1H1G8,43.5655251,-80.2810871,2021-04-11,
WALSH'S IDA PHARMACY LTD,147 GEORGE ST,ARTHUR,N0G1A0,Ontario,147 GEORGE ST ARTHUR N0G1A0,43.8320534,-80.5368533,2021-04-11,
DRAYTON PHARMACY,10 WELLINGTON ST N,DRATON,N0G1P0,Ontario,10 WELLINGTON ST N DRATON N0G1P0,43.7552315,-80.6714667,2021-04-11,
KORTRIGHT PHARMACY,570 KORTRIGHT RD W,GUELPH,N1G3W8,Ontario,570 KORTRIGHT RD W GUELPH N1G3W8,43.5082983,-80.2309986,2021-04-11,
ELORA APOTHECARY,B-115 GEDDES STREET,ELORA,N0B1S0,Ontario,B-115 GEDDES STREET ELORA N0B1S0,43.683628,-80.4303485,2021-04-11,
SHELBURNE TOWN PHARMACY,103-712 MAIN ST E,SHELBURNE,L9V2X4,Ontario,103-712 MAIN ST E SHELBURNE L9V2X4,44.0783048,-80.2038515,2021-04-11,
GRAND VALLEY DRUG STORE,23 MAIN STREET SOUTH,GRAND VALLEY,L9W5S8,Ontario,23 MAIN STREET SOUTH GRAND VALLEY L9W5S8,43.8983312,-80.3149838,2021-04-11,
LOBLAW PHARMACY #538,297 ERAMOSA RD,GUELPH,N1E2M7,Ontario,297 ERAMOSA RD GUELPH N1E2M7,43.5587936,-80.2477205,2021-04-11,
WESTMINSTER SQUARE REMEDY'S RX,4-33 FARLEY DRIVE,GUELPH,N1L0B7,Ontario,4-33 FARLEY DRIVE GUELPH N1L0B7,43.5028969,-80.1875447,2021-04-11,
ROYAL CITY PHARMACY,84 GORDON ST,GUELPH,N1H3R7,Ontario,84 GORDON ST GUELPH N1H3R7,43.5411123,-80.2437195,2021-04-11,
LOBLAW PHARMACY #500,124 CLAIR ROAD EAST,GUELPH,N1L0G6,Ontario,124 CLAIR ROAD EAST GUELPH N1L0G6,43.5031154,-80.1898604,2021-04-11,
GORDON PHARMASAVE PHARMACY,1515 GORDON STREET,GUELPH,N1L0C9,Ontario,1515 GORDON STREET GUELPH N1L0C9,43.5086066,-80.1960934,2021-04-11,
COSTCO PHARMACY #151,1 YORK TECK DR,MARKHAM,L6G1A6,Ontario,1 YORK TECK DR MARKHAM L6G1A6,43.8457215,-79.3539481,2021-04-11,
SHOPPERS DRUG MART #659,404 TOWN CENTRE,NEWMARKET,L3Y8X2,Ontario,404 TOWN CENTRE NEWMARKET L3Y8X2,44.0680024,-79.4308326,2021-04-11,
SHOPPERS DRUG MART #961,5710 MAIN ST,STOUFFVILLE,L4A8A9,Ontario,5710 MAIN ST STOUFFVILLE L4A8A9,43.9682162,-79.2647629,2021-04-11,
SHOPPERS DRUG MART #930,4000 HWY 7,WOODBRIDGE,L4L1A6,Ontario,4000 HWY 7 WOODBRIDGE L4L1A6,43.7875719,-79.5570386,2021-04-11,
SHOPPERS DRUG MART #658,298 JOHN ST,THORNHILL,L3T5W4,Ontario,298 JOHN ST THORNHILL L3T5W4,43.8198026,-79.3982022,2021-04-11,
SHOPPERS DRUG MART #1268,9651 YONGE STREET,RICHMOND HILL,L4C1V7,Ontario,9651 YONGE STREET RICHMOND HILL L4C1V7,43.8633674,-79.4344343,2021-04-11,
SHOPPERS DRUG MART #847,7060 WARDEN AVE,MARKHAM,L3R5Y2,Ontario,7060 WARDEN AVE MARKHAM L3R5Y2,43.8216551,-79.3268171,2021-04-11,
COSTCO PHARMACY #793,587 HANLAN RD,VAUGHAN,L4L4R8,Ontario,587 HANLAN RD VAUGHAN L4L4R8,43.7721385,-79.5466855,2021-04-11,
COSTCO PHARAMCY # 1261,55 NEW HUNTINGTON RD,VAUGHAN,L4H0S8,Ontario,55 NEW HUNTINGTON RD VAUGHAN L4H0S8,43.7706293,-79.6382803,2021-04-11,
WAL-MART PHARMACY,5000 HIGHWAY # 7,MARKHAM,L3R4M9,Ontario,5000 HIGHWAY # 7 MARKHAM L3R4M9,43.8695391,-79.287043,2021-04-11,
SHOPPERS DRUG MART #846,1661 DENISON ST,MARKHAM,L3R6E4,Ontario,1661 DENISON ST MARKHAM L3R6E4,43.8336662,-79.3074718,2021-04-11,
SHOPPERS DRUG MART #648,411 THE QUEENSWAY S,KESWICK,L4P2C7,Ontario,411 THE QUEENSWAY S KESWICK L4P2C7,44.2164154,-79.4636207,2021-04-11,
BAYVIEW HILL PHARMACY,420 HWY 7 E UNIT 104,RICHMOND HILL,L4B3K2,Ontario,420 HWY 7 E UNIT 104 RICHMOND HILL L4B3K2,43.8423293,-79.391799,2021-04-11,
SHOPPERS DRUG MART #700,5100 RUTHERFORD RD,WOODBRIDGE,L4H2J2,Ontario,5100 RUTHERFORD RD WOODBRIDGE L4H2J2,43.8173234,-79.602129,2021-04-11,
SHOPPERS DRUG MART #753,5694 HIGHWAY 7,WOODBRIDGE,L4L1T8,Ontario,5694 HIGHWAY 7 WOODBRIDGE L4L1T8,43.776116,-79.6112831,2021-04-11,
LANGSTAFF PHARMACY,8401 WESTON RD UNIT 21,WOODBRIDGE,L4L1A6,Ontario,8401 WESTON RD UNIT 21 WOODBRIDGE L4L1A6,43.8068379,-79.5507819,2021-04-11,
SHOPPERS DRUG MART #657,10 ROYAL ORCHARD BLVD,THORNHILL,L3T3C3,Ontario,10 ROYAL ORCHARD BLVD THORNHILL L3T3C3,43.8237774,-79.4241465,2021-04-11,
HERITAGE PHARMACY,9275 HWY 48,MARKHAM,L6E1A3,Ontario,9275 HWY 48 MARKHAM L6E1A3,43.9142072,-79.2690855,2021-04-11,
SHOPPERS DRUG MART #896,441 CLARK AVE W,THORNHILL,L4J6W8,Ontario,441 CLARK AVE W THORNHILL L4J6W8,43.804427,-79.4385667,2021-04-11,
WAL-MART PHARMACY,700 CENTRE ST,THORNHILL,L4J0A7,Ontario,700 CENTRE ST THORNHILL L4J0A7,43.8116505,-79.4510506,2021-04-11,
PANACEA PHARMACY,4600 HIGHWAY 7,WOODBRIDGE,L4L4Y7,Ontario,4600 HIGHWAY 7 WOODBRIDGE L4L4Y7,43.7842241,-79.5758839,2021-04-11,
SHOPPERS DRUG MART #1282,9200 DUFFERIN STREET,CONCORD,L4K0C6,Ontario,9200 DUFFERIN STREET CONCORD L4K0C6,43.8419304,-79.4834832,2021-04-11,
SHOPPERS DRUG MART #746,9200 WESTON RD BLDG C,WOODBRIDGE,L4H2P8,Ontario,9200 WESTON RD BLDG C WOODBRIDGE L4H2P8,43.8274511,-79.5578854,2021-04-11,
THE DRUGSTORE PHARMACY #4256,8601 WARDEN AVE,MARKHAM,L3R0B5,Ontario,8601 WARDEN AVE MARKHAM L3R0B5,43.8584054,-79.3333535,2021-04-11,
SHOPPERS DRUG MART 1425,12277 10TH LINE,STOUFFVILLE,L4A7W6,Ontario,12277 10TH LINE STOUFFVILLE L4A7W6,43.9756724,-79.230048,2021-04-11,
SHOPPERS DRUG MART #1266,3737 MAJOR MACKENZIE DR,VAUGHAN,L4H0A2,Ontario,3737 MAJOR MACKENZIE DR VAUGHAN L4H0A2,43.8447407,-79.5590708,2021-04-11,
SHOPPERS DRUG MART #1179,8865 YONGE ST,RICHMOND HILL,L4C6Z1,Ontario,8865 YONGE ST RICHMOND HILL L4C6Z1,43.8436912,-79.4293345,2021-04-11,
FOOD BASICS PHARMACY #526,1070 MAJOR MACKENZIE DR E,RICHMOND HILL,L4S1P3,Ontario,1070 MAJOR MACKENZIE DR E RICHMOND HILL L4S1P3,43.8773402,-79.4084341,2021-04-11,
SHOPPERS DRUG MART #640,9255 WOODBINE AVE,MARKHAM,L6C1Y9,Ontario,9255 WOODBINE AVE MARKHAM L6C1Y9,43.869484,-79.3616919,2021-04-11,
SHOPPERS DRUG MART #1219,7700 MARKHAM ROAD,MARKHAM,L3S3K5,Ontario,7700 MARKHAM ROAD MARKHAM L3S3K5,43.8538794,-79.2572371,2021-04-11,
SHOPPERS DRUG MART #1308,1730 BUR OAK AVE,MARKHAM,L6E0H8,Ontario,1730 BUR OAK AVE MARKHAM L6E0H8,43.9004454,-79.2666979,2021-04-11,
SHOPPERS DRUG MART #1537,2900 STEELES AVE E,THORNHILL,L3T4X1,Ontario,2900 STEELES AVE E THORNHILL L3T4X1,43.8123008,-79.359932,2021-04-11,
REXALL #117,183-1 PROMENADE CIRCLE,THORNHILL,L4J4P8,Ontario,183-1 PROMENADE CIRCLE THORNHILL L4J4P8,43.8086433,-79.4505969,2021-04-11,
LOBLAW PHARMACY #1032,200 BULLOCK DR,MARKHAM,L3P1W2,Ontario,200 BULLOCK DR MARKHAM L3P1W2,43.8741934,-79.2847533,2021-04-11,
WAL-MART PHARMACY,1070 MAJOR MACKENZIE DR E,RICHMOND HILL,L4S1P3,Ontario,1070 MAJOR MACKENZIE DR E RICHMOND HILL L4S1P3,43.8773402,-79.4084341,2021-04-11,
DALES PHARMACY,BAYVIEW LANE 8200 BAYVIEW AVE,THORNHILL,L3T2X2,Ontario,BAYVIEW LANE 8200 BAYVIEW AVE THORNHILL L3T2X2,43.8319611,-79.4051388,2021-04-11,
SHOPPERS DRUG MART #1148,118 TOWER HILL RD,RICHMOND HILL,L4E0K6,Ontario,118 TOWER HILL RD RICHMOND HILL L4E0K6,43.9143134,-79.4494673,2021-04-11,
SHOPPERS DRUG MART #913,2943 MAJOR MACKENZIE DR,MAPLE,L6A3N9,Ontario,2943 MAJOR MACKENZIE DR MAPLE L6A3N9,43.8488236,-79.5345078,2021-04-11,
DRUGSTORE PHARMACY #4069,3940 HIGHWAY 7 RR 2,VAUGHAN,L4L1A6,Ontario,3940 HIGHWAY 7 RR 2 VAUGHAN L4L1A6,43.789003,-79.554743,2021-04-11,
FRESHCO PHARMACY #7265,800 STEELES AVE W,THORNHILL,L4J1A2,Ontario,800 STEELES AVE W THORNHILL L4J1A2,43.7925078,-79.4458435,2021-04-11,
WAL-MART PHARMACY,1900 MAJOR MACKENZIE DR,VAUGHAN,L6A4R9,Ontario,1900 MAJOR MACKENZIE DR VAUGHAN L6A4R9,43.8576717,-79.5028396,2021-04-11,
LOBLAW PHARMACY #1028,301 HIGH TECH RD,RICHMOND HILL,L4B4R2,Ontario,301 HIGH TECH RD RICHMOND HILL L4B4R2,43.8428871,-79.4104277,2021-04-11,
NEW CARE PHARMACY,11 - 17730 LESLIE STREET,NEWMARKET,L3Y4W4,Ontario,11 - 17730 LESLIE STREET NEWMARKET L3Y4W4,44.071396,-79.4349044,2021-04-11,
WAL-MART PHARMACY,17940 YONGE ST,NEWMARKET,L3Y8S4,Ontario,17940 YONGE ST NEWMARKET L3Y8S4,44.0662691,-79.4856801,2021-04-11,
LOBLAW PHARMACY #520,24018 WOODBINE AVE,KESWICK,L4P3E9,Ontario,24018 WOODBINE AVE KESWICK L4P3E9,44.2270774,-79.4482375,2021-04-11,
ALLAN'S COMMUNITY PHARMACY,17-531 ATKINSON AVENUE,THORNHILL,L4J8L7,Ontario,17-531 ATKINSON AVENUE THORNHILL L4J8L7,43.8176743,-79.4512572,2021-04-11,
WAL-MART PHARMACY,255 SILVER LINDEN DR,RICHMOND HILL,L4B4V5,Ontario,255 SILVER LINDEN DR RICHMOND HILL L4B4V5,43.8420667,-79.4158803,2021-04-11,
WAL-MART PHARMACY,1050 HOOVER PARK DR,STOUFFVILLE,L4A0K2,Ontario,1050 HOOVER PARK DR STOUFFVILLE L4A0K2,43.9551364,-79.274105,2021-04-11,
PRIMA CARE PHARMACY,9-9600 ISLINGTON AVE,WOODBRIDGE,L4H2T1,Ontario,9-9600 ISLINGTON AVE WOODBRIDGE L4H2T1,43.824432,-79.609555,2021-04-11,
THE DRUGSTORE PHARMACY #4356,9325 YONGE ST,RICHMOND HILL,L4C1V4,Ontario,9325 YONGE ST RICHMOND HILL L4C1V4,43.8556555,-79.4317086,2021-04-11,
LOBLAW PHARMACY #4039,"8585 HWY #27, RR # 3",WOODBRIDGE,L4L1A7,Ontario,"8585 HWY #27, RR # 3 WOODBRIDGE L4L1A7",43.7929931,-79.6236592,2021-04-11,
SHOPPERS DRUG MART #1385,2920 MAJOR MACKENZIE DR E,MARKHAM,L6C0G6,Ontario,2920 MAJOR MACKENZIE DR E MARKHAM L6C0G6,43.8858241,-79.369875,2021-04-11,
REXALL #6933,90 COPPER CREEK DR,MARKHAM,L6B0P2,Ontario,90 COPPER CREEK DR MARKHAM L6B0P2,43.8671934,-79.2288143,2021-04-11,
SHOPPERS DRUG MART #612,2015-5000 HIGHWAY 7 EAST,MARKHAM,L3R4M9,Ontario,2015-5000 HIGHWAY 7 EAST MARKHAM L3R4M9,43.869632,-79.2862497,2021-04-11,
DRUGSTORE PHARMACY #4122,2911 MAJOR MACKENZIE DR,VAUGHAN,L6A3N9,Ontario,2911 MAJOR MACKENZIE DR VAUGHAN L6A3N9,43.8492237,-79.5327694,2021-04-11,
SHOPPERS DRUG MART #1338,10800 BAYVIEW AVE,RICHMOND HILL,L4S0A6,Ontario,10800 BAYVIEW AVE RICHMOND HILL L4S0A6,43.8949909,-79.4205411,2021-04-11,
WAL-MART PHARMACY,3600 MAJOR MACKENZIE DR,VAUGHAN,L6A1S1,Ontario,3600 MAJOR MACKENZIE DR VAUGHAN L6A1S1,43.8483415,-79.5552512,2021-04-11,
LOBLAW PHARMACY #1208,10909 YONGE ST,RICHMOND HILL,L4C3E3,Ontario,10909 YONGE ST RICHMOND HILL L4C3E3,43.8942364,-79.4401492,2021-04-11,
RUTHERFORD GUARDIAN DRUGS,2-5283 RUTHERFORD RD,WOODBRIDGE,L4H2T2,Ontario,2-5283 RUTHERFORD RD WOODBRIDGE L4H2T2,43.8146572,-79.6067371,2021-04-11,
THE CHEMIST PHARMACY,27 WOOTTEN WAY N,MARKHAM,L3P2Y2,Ontario,27 WOOTTEN WAY N MARKHAM L3P2Y2,43.8784923,-79.2427486,2021-04-11,
101 MEDICAL PHARMACY,1520 STEELES AVE. W.,VAUGHAN,L4K3B9,Ontario,1520 STEELES AVE. W. VAUGHAN L4K3B9,43.7868211,-79.4723416,2021-04-11,
HILLCROFT PHARMACY,7-5 HILLCROFT DR,MARKHAM,L3S1R7,Ontario,7-5 HILLCROFT DR MARKHAM L3S1R7,43.8305126,-79.2799514,2021-04-11,
ENHANCED CARE PHCY THORNHILL,7335 YONGE ST,THORNHILL,L3T2B2,Ontario,7335 YONGE ST THORNHILL L3T2B2,43.8061875,-79.4221179,2021-04-11,
BLUE SKIES PHARMACY IDA,C9-9980 KENNEDY ROAD,MARKHAM,L6C0M4,Ontario,C9-9980 KENNEDY ROAD MARKHAM L6C0M4,43.89615,-79.31961,2021-04-11,
WAL-MART PHARMACY,500 COPPER CREEK DR,MARKHAM,L6B0S1,Ontario,500 COPPER CREEK DR MARKHAM L6B0S1,43.8714791,-79.2156836,2021-04-11,
PINE GROVE PHARMACY,101-8077 ISLINGTON AVENUE,WOODBRIDGE,L4L7X7,Ontario,101-8077 ISLINGTON AVENUE WOODBRIDGE L4L7X7,43.7887107,-79.5862424,2021-04-11,
REXALL #6998,13291 YONGE ST,RICHMOND HILL,L4E4L6,Ontario,13291 YONGE ST RICHMOND HILL L4E4L6,43.9517893,-79.4555338,2021-04-11,
WAL-MART PHARMACY,1111 DAVIS DRIVE,NEWMARKET,L3Y8X2,Ontario,1111 DAVIS DRIVE NEWMARKET L3Y8X2,44.0680634,-79.4306535,2021-04-11,
DRUGSTORE PHARMACY 4276,7075 MARKHAM RD,MARKHAM,L3S3J9,Ontario,7075 MARKHAM RD MARKHAM L3S3J9,43.8387383,-79.2502248,2021-04-11,
REXALL,2-178 CITATION DR,CONCORD,L4K2Z2,Ontario,2-178 CITATION DR CONCORD L4K2Z2,43.8252633,-79.4854165,2021-04-11,
BAYVIEW IDA PHARMACY,4A&4B-7355 BAYVIEW AVENUE,THORNHILL,L3T5Z2,Ontario,4A&4B-7355 BAYVIEW AVENUE THORNHILL L3T5Z2,43.8133323,-79.398554,2021-04-11,
SUMMERIDGE GUARDIAN PHARMACY,8707 DUFFERIN ST UNIT 24,VAUGHAN,L4J0A2,Ontario,8707 DUFFERIN ST UNIT 24 VAUGHAN L4J0A2,43.8288152,-79.4782983,2021-04-11,
FRESHCO PHARMACY #7264,3737 MAJOR MACKENZIE DR,VAUGHAN,L4L1A6,Ontario,3737 MAJOR MACKENZIE DR VAUGHAN L4L1A6,43.8447407,-79.5590708,2021-04-11,
PHARMAGREEN PHARMACY,10 GREENSBOROUGH VILLAGE CIRCL,MARKHAM,L6E1M4,Ontario,10 GREENSBOROUGH VILLAGE CIRCL MARKHAM L6E1M4,43.9028825,-79.2500046,2021-04-11,
IHEALTH CENTRE PHARMACY,19-6175 HWY 7,VAUGHAN,L4H0P6,Ontario,19-6175 HWY 7 VAUGHAN L4H0P6,43.7720589,-79.6234223,2021-04-11,
WESTON DOWNS PHARMACY,9-9000 WESTON ROAD,WOODBRIDGE,L4L1A6,Ontario,9-9000 WESTON ROAD WOODBRIDGE L4L1A6,43.8212597,-79.5555807,2021-04-11,
DRUG SMART PHARMACY,700-200 WINDFLOWER GATE,VAUGHAN,L4L9L3,Ontario,700-200 WINDFLOWER GATE VAUGHAN L4L9L3,43.7916316,-79.5538902,2021-04-11,
STOUFFVILLE PHARMASAVE,208-5892 MAIN ST,STOUFFVILLE,L4A2S8,Ontario,208-5892 MAIN ST STOUFFVILLE L4A2S8,43.9688512,-79.2594307,2021-04-11,
KLEINBURG PHARMACY,5-10462 ISLINGTON AVE,KLEINBURG,L0J1C0,Ontario,5-10462 ISLINGTON AVE KLEINBURG L0J1C0,43.8427424,-79.6272108,2021-04-11,
BIO HEALTH PHARMACY,2389 MAJOR MACKENZIE DR,MAPLE,L6A3Z2,Ontario,2389 MAJOR MACKENZIE DR MAPLE L6A3Z2,43.8536892,-79.5167389,2021-04-11,
PEACE MEDICAL PHARMACY,19-9699 JANE STREET,VAUGHAN,L6A0A4,Ontario,19-9699 JANE STREET VAUGHAN L6A0A4,43.8452048,-79.5351891,2021-04-11,
REXALL GUARDIAN MARKHAMACK PHY,7-9889 HIGHWAY 48,MARKHAM,L6E0B7,Ontario,7-9889 HIGHWAY 48 MARKHAM L6E0B7,43.9067641,-79.2666656,2021-04-11,
DRUGCARE PHARMACY,10-2563 MAJOR MACKENZIE DRIVE,MAPLE,L6A2E8,Ontario,10-2563 MAJOR MACKENZIE DRIVE MAPLE L6A2E8,43.851878,-79.522317,2021-04-11,
NEWMARKET PHARMACY,130 DAVIS DR UNIT 24,NEWMARKET,L3Y2N1,Ontario,130 DAVIS DR UNIT 24 NEWMARKET L3Y2N1,44.0553217,-79.473904,2021-04-11,
SOBEYS PHARMACY # 7244,11700 YONGE ST,RICHMOND HILL,L4E3N6,Ontario,11700 YONGE ST RICHMOND HILL L4E3N6,43.9120398,-79.4491166,2021-04-11,
SWAN LAKE PHARMACY,3-5 SWAN LAKE BLVD,MARKHAM,L6E0K7,Ontario,3-5 SWAN LAKE BLVD MARKHAM L6E0K7,43.8956705,-79.2502163,2021-04-11,
SOBEYS PHARMACY #7215,9200 BATHURST ST,VAUGHAN,L4J8W1,Ontario,9200 BATHURST ST VAUGHAN L4J8W1,43.8465781,-79.4600501,2021-04-11,
LMC PHARMACY-VAUGHAN,1600 STEELES AVE W,CONCORD,L4K4M2,Ontario,1600 STEELES AVE W CONCORD L4K4M2,43.7876505,-79.4736404,2021-04-11,
MEDICAL PHARMACY,30 FULTON WAY UNIT 5 & 6,RICHMOND HILL,L4B1E6,Ontario,30 FULTON WAY UNIT 5 & 6 RICHMOND HILL L4B1E6,43.8514895,-79.3824153,2021-04-11,
SOBEYS PHARMACY,1550 BAYVIEW AVENUE,AURORA,L4G7T1,Ontario,1550 BAYVIEW AVENUE AURORA L4G7T1,43.7048676,-79.3750098,2021-04-11,
VAUGHAN COMPOUNDING PHARMACY,B7-3300 RUTHERFORD RD,VAUGHAN,L4K5Z2,Ontario,B7-3300 RUTHERFORD RD VAUGHAN L4K5Z2,43.8301009,-79.5417277,2021-04-11,
CENTRO HEALTHCARE PHARMACY,7777 WESTON RD,VAUGHAN,L4L0G9,Ontario,7777 WESTON RD VAUGHAN L4L0G9,43.7905654,-79.5461432,2021-04-11,
ALPHA WOODBRIDGE PHARMACY,5731 HWY 7,WOODBRIDGE,L4L4Y9,Ontario,5731 HWY 7 WOODBRIDGE L4L4Y9,43.7749632,-79.6125553,2021-04-11,
REXALL,101-5779 MAIN ST,STOUFFVILLE,L4A4R2,Ontario,101-5779 MAIN ST STOUFFVILLE L4A4R2,43.966773,-79.26317,2021-04-11,
MOUNT JOY PHARMACY,"9418 MARKHAM RD.,UNIT #C2",MARKHAM,L6E0N1,Ontario,"9418 MARKHAM RD.,UNIT #C2 MARKHAM L6E0N1",43.8953792,-79.265773,2021-04-11,
VENICE PHARMACY,76-3530 RUTHERFORD ROAD,VAUGHAN,L4H3T8,Ontario,76-3530 RUTHERFORD ROAD VAUGHAN L4H3T8,43.828193,-79.549166,2021-04-11,
MEDBRANDS IDA PHARMACY,1-53 WOODBRIDGE AVE,WOODBRIDGE,L4L9K9,Ontario,1-53 WOODBRIDGE AVE WOODBRIDGE L4L9K9,43.7855301,-79.5901046,2021-04-11,
PEOPLE'S CHOICE REMEDY'S RX,103-2860 DENISON ST E,MARKHAM,L3S4T6,Ontario,103-2860 DENISON ST E MARKHAM L3S4T6,43.841569,-79.265685,2021-04-11,
CITYVIEW PHARMACY (PHARMASAVE),551 CITYVIEW BLVD,WOODBRIDGE,L4H0Z4,Ontario,551 CITYVIEW BLVD WOODBRIDGE L4H0Z4,43.8607198,-79.5541097,2021-04-11,
THE PATIENT CARE PHARMACY,8-8290 HIGHWAY #27,VAUGHAN,L4H0S1,Ontario,8-8290 HIGHWAY #27 VAUGHAN L4H0S1,43.785639,-79.6252078,2021-04-11,
SCHOMBERG VILLAGE PHARMACY,50 DR. KAY DRIVE,SCHOMBERG,L0G1T0,Ontario,50 DR. KAY DRIVE SCHOMBERG L0G1T0,44.0059883,-79.6780313,2021-04-11,
WOODSTREAM PHARMACY,3-5451 HWY 7,WOODBRIDGE,L4L0B2,Ontario,3-5451 HWY 7 WOODBRIDGE L4L0B2,43.7762487,-79.6030505,2021-04-11,
TUSCANY GUARDIAN PHARMACY,16-9100 JANE ST,VAUGHAN,L4K0A4,Ontario,16-9100 JANE ST VAUGHAN L4K0A4,43.8186562,-79.5310606,2021-04-11,
PHARMACARE MEDICAL GROUP,107 - 13311 YOUGE STREET,RICHMOND HILL,L4E3L6,Ontario,107 - 13311 YOUGE STREET RICHMOND HILL L4E3L6,43.9523231,-79.4553422,2021-04-11,
SHOPPERS DRUG MART #1375,1 BASS PRO MILLS DR,VAUGHAN,L4K5W4,Ontario,1 BASS PRO MILLS DR VAUGHAN L4K5W4,43.824898,-79.5377963,2021-04-11,
2CARE PHARMACY,2-3028 BUR OAK AVE,MARKHAM,L6B0R1,Ontario,2-3028 BUR OAK AVE MARKHAM L6B0R1,43.886448,-79.2292127,2021-04-11,
VAUGHAN METROPOLITAN PHARMACY,112-2904 HIGHWAY 7 WEST,VAUGHAN,L4K0G3,Ontario,112-2904 HIGHWAY 7 WEST VAUGHAN L4K0G3,43.7957594,-79.5204723,2021-04-11,
MARKHAM CLINIC PHARMACY,10C-50 BUROAK AVE,MARKHAM,L6C0A2,Ontario,10C-50 BUROAK AVE MARKHAM L6C0A2,43.8892194,-79.3149553,2021-04-11,
BEVERLY MED PHARMACY,9201 YONGE ST,RICHMOND HILL,L4C1H9,Ontario,9201 YONGE ST RICHMOND HILL L4C1H9,43.8517867,-79.4325904,2021-04-11,