fsa,province,city
#REF!,NL,ST. JOHN'S 
#REF!,NL,ST. JOHN'S 
#REF!,NL,ST. JOHN'S 
#REF!,NL,ST. JOHN'S 
#REF!,NL,ST. JOHN'S 
#REF!,NL,ST. JOHN'S 
#REF!,NL,TORBAY 
#REF!,NL,PARADISE 
#REF!,NL,PORTUGAL COVE-ST PHILIPS 
#REF!,NL,ST. JOHN'S 
#REF!,NL,GOULDS 
#REF!,NL,GANDER 
#REF!,NL,MANUELS 
#REF!,NL,FOXTRAP 
#REF!,NL,CARBONEAR 
#REF!,NL,GRAND FALLS-WINDSOR 
#REF!,NL,GRAND FALLS-WINDSOR 
#REF!,NL,CORNER BROOK 
#REF!,NL,STEPHENVILLE 
#REF!,NL,LABRADOR CITY 
#REF!,NL,CLARENVILLE 
#REF!,NL,DEER LAKE 
#REF!,NL,ST. JOHN'S 
#REF!,NL,ST. JOHN'S 
#REF!,NL,CLARENVILLE 
#REF!,NL,CLARENVILLE 
#REF!,NL,GANDER 
#REF!,NL,GRAND FALLS 
#REF!,NL,GRAND FALLS 
#REF!,NL,DEER LAKE 
#REF!,NL,CORNER BROOK 
#REF!,NL,PORT-AUX-BASQUES 
#REF!,NL,STEPHENVILLE 
#REF!,NL,H. VAL-GOOSE BAY 
#REF!,QC,MONTREAL 
#REF!,NL,STEPHENVILLE 
#REF!,NS,GLACE BAY 
#REF!,NS,PORT MORIEN 
#REF!,NS,LOUISBOURG 
#REF!,NS,RESERVE MINES 
#REF!,NS,DOMINION 
#REF!,NS,NEW WATERFORD 
#REF!,NS,SYDNEY AREA 
#REF!,NS,SYDNEY AREA 
#REF!,NS,SYDNEY 
#REF!,NS,SYDNEY 
#REF!,NS,SYDNEY 
#REF!,NS,SYDNEY 
#REF!,NS,SYDNEY 
#REF!,NS,SYDNEY 
#REF!,NS,CHRISTMAS ISLAND 
#REF!,NS,NORTH SYDNEY 
#REF!,NS,ESKASONI 
#REF!,NS,SYDNEY AREA 
#REF!,NS,SYDNEY AREA 
#REF!,NS,NORTH SYDNEY 
#REF!,NS,IONA 
#REF!,NS,SYDNEY AREA 
#REF!,NS,ANTIGONISH 
#REF!,NS,NEW GLASGOW 
#REF!,NS,SYDNEY AREA 
#REF!,NS,TRURO 
#REF!,NS,WAVERLEY 
#REF!,NS,LANTZ 
#REF!,NS,ENFIELD 
#REF!,NS,DARTMOUTH 
#REF!,NS,DARTMOUTH 
#REF!,NS,DARTMOUTH 
#REF!,NS,DARTMOUTH 
#REF!,NS,DARTMOUTH 
#REF!,NS,DARTMOUTH 
#REF!,NS,DARTMOUTH 
#REF!,NS,PORTERS LAKE 
#REF!,NS,DARTMOUTH 
#REF!,NS,HALIFAX 
#REF!,NS,HALIFAX 
#REF!,NS,HALIFAX 
#REF!,NS,HALIFAX 
#REF!,NS,HALIFAX 
#REF!,NS,HALIFAX 
#REF!,NS,HALIFAX 
#REF!,NS,HALIFAX 
#REF!,NS,HALIFAX 
#REF!,NS,LAKESIDE 
#REF!,NS,HALIFAX 
#REF!,NS,TANTALLON 
#REF!,NS,DARTMOUTH 
#REF!,NS,DARTMOUTH 
#REF!,NS,DARTMOUTH 
#REF!,NS,DARTMOUTH 
#REF!,NS,DARTMOUTH 
#REF!,NS,AMHERST 
#REF!,NS,KENTVILLE 
#REF!,NS,WOLFVILLE 
#REF!,NS,COLDBROOK 
#REF!,NS,BRIDGEWATER 
#REF!,NS,YARMOUTH 
#REF!,NS,TRURO 
#REF!,NS,PORT HAWKESBURY 
#REF!,NS,SYDNEY 
#REF!,NS,PORT HAWKESBURY 
#REF!,NS,ANTIGONISH 
#REF!,NS,HALIFAX 
#REF!,NS,NEW GLASGOW 
#REF!,NS,AMHERST 
#REF!,NS,TRURO 
#REF!,NS,HALIFAX 
#REF!,NS,KENTVILLE 
#REF!,NS,BRIDGEWATER 
#REF!,NS,MIDDLETON 
#REF!,NS,LIVERPOOL 
#REF!,NS,DIGBY 
#REF!,NS,YARMOUTH 
#REF!,PE,CHARLOTTETOWN 
#REF!,PE,CHARLOTTETOWN 
#REF!,PE,CHARLOTTETOWN 
#REF!,PE,CHARLOTTETOWN 
#REF!,PE,SUMMERSIDE 
#REF!,PE,CHARLOTTETOWN 
#REF!,PE,SUMMERSIDE 
#REF!,NB,MONCTON 
#REF!,NB,MONCTON 
#REF!,NB,MONCTON 
#REF!,NB,MONCTON 
#REF!,NB,MONCTON 
#REF!,NB,MONCTON 
#REF!,NB,MONCTON 
#REF!,NB,MIRAMICHI 
#REF!,NB,MIRAMICHI 
#REF!,NB,CARAQUET 
#REF!,NB,TRACADIE-SHEILA 
#REF!,NB,BATHURST 
#REF!,NB,SAINT JOHN 
#REF!,NB,SAINT JOHN 
#REF!,NB,SAINT JOHN 
#REF!,NB,SAINT JOHN 
#REF!,NB,SAINT JOHN 
#REF!,NB,SAINT JOHN 
#REF!,NB,SAINT JOHN 
#REF!,NB,SAINT JOHN 
#REF!,NB,SAINT JOHN 
#REF!,NB,SAINT JOHN 
#REF!,NB,SAINT JOHN 
#REF!,NB,OROMOCTO 
#REF!,NB,FREDERICTON 
#REF!,NB,FREDERICTON 
#REF!,NB,FREDERICTON 
#REF!,NB,FREDERICTON 
#REF!,NB,FREDERICTON 
#REF!,NB,ST STEPHEN 
#REF!,NB,CAMPBELLTON 
#REF!,NB,EDMUNDSTON 
#REF!,NB,GRAND FALLS/GRAND-SAULT 
#REF!,NB,GRAND FALLS/GRAND-SAULT 
#REF!,NB,CHIPMAN 
#REF!,NB,SUSSEX AREA 
#REF!,NB,SUSSEX AREA 
#REF!,NB,SUSSEX 
#REF!,NB,SUSSEX 
#REF!,NB,MONCTON AREA 
#REF!,NB,SALISBURY 
#REF!,NB,MONCTON AREA 
#REF!,NB,SACKVILLE 
#REF!,NB,MONCTON AREA 
#REF!,NB,MONCTON AREA 
#REF!,NB,MONCTON AREA 
#REF!,NB,MONCTON AREA 
#REF!,NB,MONCTON AREA 
#REF!,NB,MONCTON AREA 
#REF!,NB,MONCTON AREA 
#REF!,NB,MONCTON AREA 
#REF!,NB,MONCTON AREA 
#REF!,NB,ROGERSVILLE 
#REF!,NB,MONCTON AREA 
#REF!,NB,MOORES MILLS 
#REF!,NB,ST ANDREWS 
#REF!,NB,SAINT JOHN AREA 
#REF!,NB,SAINT JOHN AREA 
#REF!,NB,SAINT JOHN AREA 
#REF!,NB,SAINT JOHN AREA 
#REF!,NB,SAINT JOHN AREA 
#REF!,NB,SAINT JOHN AREA 
#REF!,NB,SAINT JOHN AREA 
#REF!,NB,SAINT JOHN AREA 
#REF!,NB,HAMPTON 
#REF!,NB,SAINT JOHN AREA 
#REF!,NB,ST MARTINS 
#REF!,NB,SAINT JOHN 
#REF!,NB,SAINT JOHN AREA 
#REF!,NB,SAINT JOHN AREA 
#REF!,NB,BOIESTOWN 
#REF!,NB,STANLEY 
#REF!,NB,FREDERICTON 
#REF!,NB,FREDERICTON AREA 
#REF!,NB,FREDERICTON AREA 
#REF!,NB,FREDERICTON AREA 
#REF!,NB,MCADAM 
#REF!,NB,FREDERICTON AREA 
#REF!,NB,FREDERICTON AREA 
#REF!,NB,EDMUNDSTON AREA 
#REF!,NB,EDMUNDSTON 
#REF!,NB,EDMUNDSTON AREA 
#REF!,NB,EDMUNDSTON AREA 
#REF!,NB,WOODSTOCK AREA 
#REF!,NB,WOODSTOCK AREA 
#REF!,NB,WOODSTOCK AREA 
#REF!,NB,WOODSTOCK AREA 
#REF!,NB,WOODSTOCK AREA 
#REF!,NB,WOODSTOCK 
#REF!,NB,WOODSTOCK AREA 
#REF!,NB,HARTLAND 
#REF!,NB,SAINT-QUENTIN 
#REF!,NB,KEDGWICK 
#REF!,NB,DALHOUSIE 
#REF!,NB,BATHURST AREA 
#REF!,NB,BATHURST AREA 
#REF!,NB,BATHURST AREA 
#REF!,NB,BATHURST AREA 
#REF!,NB,ALLARDVILLE 
#REF!,NB,SAINT-ISIDORE 
#REF!,NB,BATHURST AREA 
#REF!,NB,BATHURST AREA 
#REF!,NB,PAQUETVILLE 
#REF!,NB,BATHURST AREA 
#REF!,NB,BATHURST AREA 
#REF!,NB,MIRAMICHI AREA 
#REF!,NB,MIRAMICHI AREA 
#REF!,NB,MIRAMICHI AREA 
#REF!,NB,MIRAMICHI AREA 
#REF!,NB,MIRAMICHI AREA 
#REF!,NB,MIRAMICHI AREA 
#REF!,NB,MONCTON 
#REF!,NB,BATHURST 
#REF!,NB,MIRAMICHI 
#REF!,NB,SUSSEX 
#REF!,NB,SAINT JOHN 
#REF!,NB,FREDERICTON 
#REF!,NB,WOODSTOCK 
#REF!,NB,CAMPBELLTON 
#REF!,NB,EDMUNDSTON 
#REF!,QC,QUEBEC 
#REF!,QC,QUEBEC 
#REF!,QC,QUEBEC 
#REF!,QC,QUEBEC 
#REF!,QC,QUEBEC 
#REF!,QC,QUEBEC 
#REF!,QC,QUEBEC 
#REF!,QC,QUEBEC 
#REF!,QC,QUEBEC 
#REF!,QC,QUEBEC 
#REF!,QC,QUEBEC 
#REF!,QC,QUEBEC 
#REF!,QC,QUEBEC 
#REF!,QC,QUEBEC 
#REF!,QC,QUEBEC 
#REF!,QC,QUEBEC 
#REF!,QC,QUEBEC 
#REF!,QC,QUEBEC 
#REF!,QC,QUEBEC 
#REF!,QC,QUEBEC 
#REF!,QC,QUEBEC 
#REF!,QC,QUEBEC 
#REF!,QC,QUEBEC 
#REF!,QC,QUEBEC 
#REF!,QC,QUEBEC 
#REF!,QC,QUEBEC 
#REF!,QC,QUEBEC 
#REF!,QC,QUEBEC 
#REF!,QC,QUEBEC 
#REF!,QC,SAINT-AUGUSTIN-DE-DESMAURES 
#REF!,EF,C BUREAU-CH
#REF!,QC,LAC-BEAUPORT 
#REF!,QC,STONEHAM-ET-TEWKESBURY 
#REF!,QC,QUEBEC 
#REF!,QC,QUEBEC 
#REF!,QC,PONT-ROUGE 
#REF!,QC,QUEBEC 
#REF!,QC,QUEBEC 
#REF!,QC,SAINT-RAYMOND 
#REF!,QC,DONNACONA 
#REF!,QC,STE-CATHERINE-DE-LA-J-CARTIER 
#REF!,EF,C BUREAU-CH
#REF!,QC,BAIE-SAINT-PAUL 
#REF!,QC,CLERMONT 
#REF!,QC,SEPT-ILES 
#REF!,QC,SEPT-ILES 
#REF!,QC,CAP-AUX-MEULES 
#REF!,QC,SAINTE-ANNE-DES-MONTS 
#REF!,QC,MATANE 
#REF!,QC,GASPE 
#REF!,QC,BAIE-COMEAU 
#REF!,QC,LA MALBAIE 
#REF!,QC,PORT-CARTIER 
#REF!,QC,BAIE-COMEAU 
#REF!,QC,MONT-JOLI 
#REF!,QC,AMQUI 
#REF!,QC,RIMOUSKI 
#REF!,QC,RIMOUSKI 
#REF!,QC,RIMOUSKI 
#REF!,QC,RIVIERE-DU-LOUP 
#REF!,QC,DEGELIS 
#REF!,QC,MONTMAGNY 
#REF!,QC,BEAUCEVILLE 
#REF!,QC,SAINT-GEORGES 
#REF!,QC,SAINT-GEORGES 
#REF!,QC,SAINT-GEORGES 
#REF!,QC,LAC-MEGANTIC 
#REF!,QC,PINTENDRE 
#REF!,QC,SAINTE-MARIE 
#REF!,QC,THETFORD MINES 
#REF!,QC,THETFORD MINES 
#REF!,QC,SAINT-ETIENNE-DE-LAUZON 
#REF!,QC,SAINT-REDEMPTEUR 
#REF!,QC,PLESSISVILLE 
#REF!,QC,VICTORIAVILLE 
#REF!,QC,VICTORIAVILLE 
#REF!,QC,VICTORIAVILLE 
#REF!,QC,VICTORIAVILLE 
#REF!,QC,LEVIS 
#REF!,QC,LEVIS 
#REF!,QC,LEVIS 
#REF!,QC,SAINT-JEAN-CHRYSOSTOME 
#REF!,QC,SAINT-NICOLAS 
#REF!,QC,CHICOUTIMI CITE 
#REF!,QC,CHICOUTIMI CITE 
#REF!,QC,CHICOUTIMI CITE 
#REF!,QC,CHICOUTIMI CITE 
#REF!,QC,CHICOUTIMI CITE 
#REF!,QC,CHICOUTIMI CITE 
#REF!,QC,CHICOUTIMI 
#REF!,QC,JONQUIERE CITE 
#REF!,QC,JONQUIERE CITE 
#REF!,QC,JONQUIERE CITE 
#REF!,QC,JONQUIERE CITE 
#REF!,QC,JONQUIERE CITE 
#REF!,QC,JONQUIERE CITE 
#REF!,QC,ALMA 
#REF!,QC,ALMA 
#REF!,QC,ALMA 
#REF!,QC,METABETCHOUAN-LAC-A-LA-CROIX 
#REF!,EF,C BUREAU-CH
#REF!,QC,ROBERVAL 
#REF!,QC,CHICOUTIMI 
#REF!,QC,SAINT-FELICIEN 
#REF!,QC,DOLBEAU-MISTASSINI 
#REF!,QC,NORMANDIN 
#REF!,QC,HEBERTVILLE 
#REF!,QC,CHIBOUGAMAU 
#REF!,QC,TROIS-RIVIERES 
#REF!,QC,TROIS-RIVIERES 
#REF!,QC,TROIS-RIVIERES 
#REF!,QC,TROIS-RIVIERES 
#REF!,QC,TROIS-RIVIERES 
#REF!,QC,TROIS-RIVIERES 
#REF!,QC,TROIS-RIVIERES 
#REF!,QC,TROIS-RIVIERES 
#REF!,QC,BECANCOUR 
#REF!,QC,SHAWINIGAN 
#REF!,QC,SHAWINIGAN 
#REF!,QC,SHAWINIGAN 
#REF!,QC,GRAND-MERE 
#REF!,QC,LA TUQUE 
#REF!,QC,QUEBEC 
#REF!,QC,RIMOUSKI 
#REF!,QC,MONT-JOLI 
#REF!,QC,MONT-JOLI 
#REF!,QC,SEPT-ILES 
#REF!,QC,BAIE COMEAU 
#REF!,QC,MONT-JOLI 
#REF!,QC,RIMOUSKI 
#REF!,QC,RIVIERE-DU-LOUP 
#REF!,QC,ST-GEORGES 
#REF!,QC,THETFORD MINES 
#REF!,QC,VICTORIAVILLE 
#REF!,QC,QUEBEC -A 
#REF!,QC,QUEBEC -B 
#REF!,QC,QUEBEC 
#REF!,QC,CHICOUTIMI 
#REF!,QC,CHICOUTIMI 
#REF!,QC,TROIS-RIVIERES 
#REF!,QC,ST-GEORGES 
#REF!,QC,VICTORIAVILLE 
#REF!,QC,MONTREAL 
#REF!,QC,MONTREAL 
#REF!,QC,MONTREAL 
#REF!,QC,MONTREAL 
#REF!,QC,MONTREAL 
#REF!,QC,MONTREAL 
#REF!,QC,MONTREAL 
#REF!,QC,MONTREAL 
#REF!,QC,MONTREAL 
#REF!,QC,MONTREAL 
#REF!,QC,MONTREAL 
#REF!,QC,MONTREAL 
#REF!,QC,MONTREAL 
#REF!,QC,MONTREAL 
#REF!,QC,MONTREAL 
#REF!,QC,MONTREAL 
#REF!,QC,MONTREAL 
#REF!,QC,MONTREAL 
#REF!,QC,MONTREAL 
#REF!,QC,MONTREAL 
#REF!,QC,MONTREAL 
#REF!,QC,MONTREAL 
#REF!,QC,MONTREAL 
#REF!,QC,MONTREAL 
#REF!,QC,MONTREAL 
#REF!,QC,MONTREAL 
#REF!,QC,MONTREAL 
#REF!,QC,MONTREAL 
#REF!,QC,MONTREAL 
#REF!,QC,MONTREAL 
#REF!,QC,MONTREAL 
#REF!,QC,MONTREAL 
#REF!,QC,MONTREAL 
#REF!,QC,MONTREAL 
#REF!,QC,MONTREAL 
#REF!,QC,MONTREAL 
#REF!,QC,MONTREAL 
#REF!,QC,MONTREAL 
#REF!,QC,MONTREAL 
#REF!,QC,MONTREAL 
#REF!,QC,MONTREAL 
#REF!,QC,MONTREAL 
#REF!,QC,MONTREAL 
#REF!,QC,MONTREAL 
#REF!,QC,MONTREAL 
#REF!,QC,MONTREAL 
#REF!,QC,MONTREAL 
#REF!,QC,MONTREAL 
#REF!,QC,MONTREAL 
#REF!,QC,MONTREAL 
#REF!,QC,MONTREAL 
#REF!,QC,MONTREAL 
#REF!,QC,MONTREAL 
#REF!,QC,MONTREAL 
#REF!,QC,MONTREAL 
#REF!,QC,MONTREAL 
#REF!,QC,MONTREAL 
#REF!,QC,MONTREAL 
#REF!,QC,MONTREAL 
#REF!,QC,MONTREAL 
#REF!,QC,MONTREAL 
#REF!,QC,MONTREAL 
#REF!,QC,MONTREAL 
#REF!,QC,MONTREAL 
#REF!,QC,VERDUN 
#REF!,QC,VERDUN 
#REF!,QC,MONTREAL 
#REF!,QC,MONTREAL 
#REF!,QC,MONTREAL 
#REF!,QC,MONTREAL 
#REF!,QC,MONTREAL 
#REF!,QC,MONTREAL 
#REF!,QC,MONTREAL 
#REF!,QC,MONTREAL 
#REF!,QC,MONTREAL 
#REF!,QC,MONTREAL 
#REF!,QC,MONTREAL 
#REF!,QC,MONTREAL 
#REF!,QC,POINTE-CLAIRE 
#REF!,QC,MONTREAL 
#REF!,QC,MONTREAL 
#REF!,QC,MONTREAL 
#REF!,QC,LAVAL 
#REF!,QC,LAVAL 
#REF!,QC,LAVAL 
#REF!,QC,LAVAL 
#REF!,QC,LAVAL 
#REF!,QC,LAVAL 
#REF!,QC,LAVAL 
#REF!,QC,LAVAL 
#REF!,QC,LAVAL 
#REF!,QC,LAVAL 
#REF!,QC,LAVAL 
#REF!,QC,LAVAL 
#REF!,QC,LAVAL 
#REF!,QC,LAVAL 
#REF!,QC,LAVAL 
#REF!,QC,LAVAL 
#REF!,QC,LAVAL 
#REF!,QC,LAVAL 
#REF!,QC,LAVAL 
#REF!,QC,MONTREAL 
#REF!,QC,MONTREAL 
#REF!,QC,MONTREAL 
#REF!,QC,MONTREAL 
#REF!,QC,POINTE-CLAIRE 
#REF!,QC,MONTREAL 
#REF!,QC,MONTREAL 
#REF!,QC,MONTREAL 
#REF!,QC,MONTREAL 
#REF!,QC,MONTREAL 
#REF!,QC,MONTREAL 
#REF!,QC,POINTE-CLAIRE 
#REF!,QC,MONTREAL 
#REF!,QC,MONTREAL 
#REF!,QC,MONTREAL 
#REF!,QC,POINTE-CLAIRE 
#REF!,QC,POINTE-CLAIRE 
#REF!,QC,POINTE-CLAIRE 
#REF!,QC,BEACONSFIELD 
#REF!,QC,BEACONSFIELD 
#REF!,QC,MONTREAL 
#REF!,ON,CORNWALL 
#REF!,QC,COATICOOK 
#REF!,QC,SHERBROOKE 
#REF!,QC,SHERBROOKE 
#REF!,QC,SHERBROOKE 
#REF!,QC,SHERBROOKE 
#REF!,QC,SHERBROOKE 
#REF!,QC,SHERBROOKE 
#REF!,QC,SHERBROOKE 
#REF!,QC,SHERBROOKE 
#REF!,QC,SHERBROOKE 
#REF!,QC,SHERBROOKE 
#REF!,QC,WINDSOR 
#REF!,QC,ASBESTOS 
#REF!,QC,MAGOG 
#REF!,QC,SAINT-CYRILLE-DE-WENDOVER 
#REF!,EF,C BUREAU-CH
#REF!,QC,DRUMMONDVILLE 
#REF!,QC,DRUMMONDVILLE 
#REF!,QC,DRUMMONDVILLE 
#REF!,QC,DRUMMONDVILLE 
#REF!,QC,GRANBY 
#REF!,QC,GRANBY 
#REF!,QC,GRANBY 
#REF!,QC,COWANSVILLE 
#REF!,QC,BROMONT 
#REF!,QC,SHEFFORD 
#REF!,QC,FARNHAM 
#REF!,QC,SAINT-HYACINTHE 
#REF!,QC,SAINT-HYACINTHE 
#REF!,QC,SAINT-HYACINTHE 
#REF!,QC,SAINT-JEAN-SUR-RICHELIEU 
#REF!,QC,SAINT-JEAN-SUR-RICHELIEU 
#REF!,EF,C BUREAU-CH
#REF!,QC,SAINT-JEAN-SUR-RICHELIEU 
#REF!,EF,C BUREAU-CH
#REF!,QC,SAINT-JEAN-SUR-RICHELIEU 
#REF!,EF,C BUREAU-CH
#REF!,QC,SAINT-JEAN-SUR-RICHELIEU 
#REF!,EF,C BUREAU-CH
#REF!,QC,SAINTE-JULIE 
#REF!,QC,BELOEIL 
#REF!,QC,BELOEIL 
#REF!,QC,CHAMBLY 
#REF!,QC,MARIEVILLE 
#REF!,QC,SAINT-BASILE-LE-GRAND 
#REF!,QC,SOREL-TRACY 
#REF!,QC,SOREL-TRACY 
#REF!,QC,NICOLET 
#REF!,QC,SAINT-BRUNO 
#REF!,QC,VARENNES 
#REF!,QC,SAINT-HUBERT 
#REF!,QC,SAINT-HUBERT 
#REF!,QC,BOUCHERVILLE 
#REF!,QC,SAINT-HUBERT 
#REF!,QC,SAINT-HUBERT 
#REF!,QC,SAINT-HUBERT 
#REF!,QC,SAINT-HUBERT 
#REF!,QC,SAINT-HUBERT 
#REF!,QC,SAINT-HUBERT 
#REF!,QC,SAINT-HUBERT 
#REF!,QC,BROSSARD 
#REF!,QC,BROSSARD 
#REF!,QC,BROSSARD 
#REF!,QC,SAINT-HUBERT 
#REF!,QC,BROSSARD 
#REF!,QC,BROSSARD 
#REF!,QC,BROSSARD 
#REF!,QC,BROSSARD 
#REF!,QC,BROSSARD 
#REF!,QC,SAINT-CONSTANT 
#REF!,QC,DELSON 
#REF!,QC,SAINTE-CATHERINE 
#REF!,QC,SAINTE-SOPHIE 
#REF!,QC,SAINT-COLOMBAN 
#REF!,QC,SAINT-JEROME 
#REF!,QC,SAINT-LIN-LAURENTIDES 
#REF!,QC,LA PRAIRIE 
#REF!,QC,LAVALTRIE 
#REF!,QC,LOUISEVILLE 
#REF!,QC,L'ASSOMPTION 
#REF!,QC,L'EPIPHANIE 
#REF!,QC,REPENTIGNY 
#REF!,QC,REPENTIGNY 
#REF!,QC,REPENTIGNY 
#REF!,QC,JOLIETTE 
#REF!,QC,CHATEAUGUAY 
#REF!,QC,CHATEAUGUAY 
#REF!,QC,BEAUHARNOIS 
#REF!,QC,MERCIER 
#REF!,QC,SALABERRY-DE-VALLEYFIELD 
#REF!,EF,C BUREAU-CH
#REF!,QC,SALABERRY-DE-VALLEYFIELD 
#REF!,EF,C BUREAU-CH
#REF!,QC,TERREBONNE 
#REF!,QC,TERREBONNE 
#REF!,QC,TERREBONNE 
#REF!,QC,TERREBONNE 
#REF!,QC,BOISBRIAND 
#REF!,QC,BOISBRIAND 
#REF!,QC,BOISBRIAND 
#REF!,QC,BOISBRIAND 
#REF!,QC,BOISBRIAND 
#REF!,QC,BOISBRIAND 
#REF!,QC,BOISBRIAND 
#REF!,QC,MIRABEL 
#REF!,QC,TERREBONNE 
#REF!,QC,TERREBONNE 
#REF!,QC,TERREBONNE 
#REF!,QC,MIRABEL 
#REF!,QC,SAINT-EUSTACHE 
#REF!,QC,SAINT-EUSTACHE 
#REF!,QC,SAINT-LAZARE 
#REF!,QC,VAUDREUIL-DORION 
#REF!,QC,VAUDREUIL-DORION 
#REF!,QC,SALABERRY-DE-VALLEYFIELD 
#REF!,EF,C BUREAU-CH
#REF!,QC,SAINT-JEROME 
#REF!,QC,SAINT-JEROME 
#REF!,QC,SAINT-HIPPOLYTE 
#REF!,QC,SAINTE-ADELE 
#REF!,QC,SAINTE-AGATHE-DES-MONTS 
#REF!,QC,MONT-TREMBLANT 
#REF!,QC,BROWNSBURG-CHATHAM 
#REF!,QC,LACHUTE 
#REF!,QC,GATINEAU 
#REF!,QC,GATINEAU 
#REF!,QC,VAL-DES-MONTS 
#REF!,QC,GATINEAU 
#REF!,QC,GATINEAU 
#REF!,QC,GATINEAU 
#REF!,QC,GATINEAU 
#REF!,QC,GATINEAU 
#REF!,QC,GATINEAU 
#REF!,QC,GATINEAU 
#REF!,QC,GATINEAU 
#REF!,QC,CHELSEA 
#REF!,QC,MANIWAKI 
#REF!,QC,GATINEAU 
#REF!,QC,GATINEAU 
#REF!,QC,MONT-LAURIER 
#REF!,QC,VAL-D'OR 
#REF!,QC,AMOS 
#REF!,QC,VILLE-MARIE 
#REF!,QC,ROUYN-NORANDA 
#REF!,QC,ROUYN-NORANDA 
#REF!,QC,LA SARRE 
#REF!,QC,SHERBROOKE 
#REF!,QC,SHERBROOKE 
#REF!,QC,DRUMMONDVILLE 
#REF!,QC,GRANBY 
#REF!,QC,SOREL 
#REF!,QC,ST-HYACINTHE 
#REF!,QC,ST-JEAN 
#REF!,QC,JOLIETTE 
#REF!,QC,MONTREAL 
#REF!,QC,MTL (NV-QC) 
#REF!,QC,MONTREAL 
#REF!,QC,VALLEYFIELD 
#REF!,QC,SAINT-JEROME 
#REF!,QC,VALLEYFIELD 
#REF!,QC,ST-AGATHE 
#REF!,QC,SAINT-JEROME 
#REF!,QC,MONT-LAURIER 
#REF!,QC,HULL 
#REF!,QC,VAL D'OR 
#REF!,QC,ROUYN-NORANDA 
#REF!,ON,OTTAWA 
#REF!,ON,OTTAWA 
#REF!,ON,ORLEANS 
#REF!,ON,ORLEANS 
#REF!,ON,OTTAWA 
#REF!,ON,OTTAWA 
#REF!,ON,OTTAWA 
#REF!,ON,OTTAWA 
#REF!,ON,OTTAWA 
#REF!,ON,OTTAWA 
#REF!,ON,OTTAWA 
#REF!,ON,OTTAWA 
#REF!,ON,OTTAWA 
#REF!,ON,OTTAWA 
#REF!,ON,OTTAWA 
#REF!,ON,OTTAWA 
#REF!,ON,ORLEANS 
#REF!,ON,OTTAWA 
#REF!,ON,OTTAWA 
#REF!,ON,OTTAWA 
#REF!,ON,OTTAWA 
#REF!,ON,OTTAWA 
#REF!,ON,NEPEAN 
#REF!,ON,NEPEAN 
#REF!,ON,NEPEAN 
#REF!,ON,NEPEAN 
#REF!,ON,NEPEAN 
#REF!,TA,KANATA ON ANA
#REF!,TA,KANATA ON ANA
#REF!,TA,KANATA ON ANA
#REF!,ON,OTTAWA 
#REF!,ON,NEPEAN 
#REF!,ON,STITTSVILLE 
#REF!,TA,KANATA ON ANA
#REF!,TA,KANATA ON ANA
#REF!,TA,KANATA ON ANA
#REF!,ON,ORLEANS 
#REF!,ON,NAVAN 
#REF!,ON,CUMBERLAND 
#REF!,ON,ROCKLAND 
#REF!,ON,MANOTICK 
#REF!,ON,GREELY 
#REF!,ON,RUSSELL 
#REF!,ON,HAWKESBURY 
#REF!,ON,CORNWALL 
#REF!,ON,CORNWALL 
#REF!,ON,CORNWALL 
#REF!,ON,BROCKVILLE 
#REF!,ON,BROCKVILLE 
#REF!,ON,SMITHS FALLS 
#REF!,ON,CARLETON PLACE 
#REF!,ON,GANANOQUE 
#REF!,ON,PERTH 
#REF!,ON,KINGSTON 
#REF!,ON,KINGSTON 
#REF!,ON,KINGSTON 
#REF!,ON,KINGSTON 
#REF!,ON,KINGSTON 
#REF!,ON,NAPANEE 
#REF!,ON,ARNPRIOR 
#REF!,ON,RENFREW 
#REF!,ON,PEMBROKE 
#REF!,ON,PEMBROKE 
#REF!,ON,PETAWAWA 
#REF!,ON,BELLEVILLE 
#REF!,ON,BELLEVILLE 
#REF!,ON,BELLEVILLE 
#REF!,ON,TRENTON 
#REF!,ON,COBOURG 
#REF!,ON,PETERBOROUGH 
#REF!,ON,PETERBOROUGH 
#REF!,ON,PETERBOROUGH 
#REF!,ON,PETERBOROUGH 
#REF!,ON,LINDSAY 
#REF!,ON,OTTAWA 
#REF!,ON,HAWKESBURY 
#REF!,ON,CORNWALL 
#REF!,ON,BROCKVILLE 
#REF!,ON,SMITHS FALLS 
#REF!,ON,KINGSTON 
#REF!,ON,PEMBROKE 
#REF!,ON,BELLEVILLE 
#REF!,ON,PETERBOROUGH 
#REF!,ON,PETERBOROUGH 
#REF!,ON,PORT HOPE 
#REF!,ON,BOWMANVILLE 
#REF!,ON,BOWMANVILLE 
#REF!,ON,BOWMANVILLE 
#REF!,ON,OSHAWA 
#REF!,ON,OSHAWA 
#REF!,ON,OSHAWA 
#REF!,ON,OSHAWA 
#REF!,ON,OSHAWA 
#REF!,ON,WHITBY 
#REF!,ON,WHITBY 
#REF!,ON,WHITBY 
#REF!,ON,WHITBY 
#REF!,ON,AJAX 
#REF!,ON,AJAX 
#REF!,ON,PICKERING 
#REF!,ON,PICKERING 
#REF!,ON,PICKERING 
#REF!,ON,PICKERING 
#REF!,ON,AJAX 
#REF!,ON,FORT ERIE 
#REF!,ON,NIAGARA FALLS 
#REF!,ON,NIAGARA FALLS 
#REF!,ON,NIAGARA FALLS 
#REF!,ON,NIAGARA FALLS 
#REF!,ON,ST CATHARINES 
#REF!,ON,ST CATHARINES 
#REF!,ON,ST CATHARINES 
#REF!,ON,ST CATHARINES 
#REF!,ON,ST CATHARINES 
#REF!,ON,ST CATHARINES 
#REF!,ON,ST CATHARINES 
#REF!,ON,ST CATHARINES 
#REF!,ON,WELLAND 
#REF!,ON,WELLAND 
#REF!,ON,PORT COLBORNE 
#REF!,ON,GRIMSBY 
#REF!,ON,MARKHAM 
#REF!,ON,UNIONVILLE 
#REF!,ON,UNIONVILLE 
#REF!, 0,THORNHILL ON
#REF!,ON,ORILLIA 
#REF!,ON,NEWMARKET 
#REF!,ON,NEWMARKET 
#REF!,ON,BRADFORD 
#REF!,ON,STOUFFVILLE 
#REF!, 0,RICHMOND HILL ON
#REF!,ON,RICHMOND HILL 
#REF!,ON,RICHMOND HILL 
#REF!,ON,AURORA 
#REF!,ON,WOODBRIDGE 
#REF!,ON,THORNHILL 
#REF!,ON,CONCORD 
#REF!,ON,WOODBRIDGE 
#REF!,ON,BARRIE 
#REF!,ON,BARRIE 
#REF!,ON,KESWICK 
#REF!,ON,MIDLAND 
#REF!,ON,RICHMOND HILL 
#REF!,ON,MISSISSAUGA 
#REF!,ON,MISSISSAUGA 
#REF!,ON,MISSISSAUGA 
#REF!,ON,MISSISSAUGA 
#REF!,ON,MISSISSAUGA 
#REF!,ON,MISSISSAUGA 
#REF!,ON,MISSISSAUGA 
#REF!,ON,MISSISSAUGA 
#REF!,ON,MISSISSAUGA 
#REF!,ON,MISSISSAUGA 
#REF!,ON,MISSISSAUGA 
#REF!,ON,MISSISSAUGA 
#REF!,ON,MISSISSAUGA 
#REF!,ON,MISSISSAUGA 
#REF!,ON,MISSISSAUGA 
#REF!,ON,MISSISSAUGA 
#REF!,ON,MISSISSAUGA 
#REF!,ON,MISSISSAUGA 
#REF!,ON,MISSISSAUGA 
#REF!,ON,MISSISSAUGA 
#REF!,ON,MISSISSAUGA 
#REF!,ON,MISSISSAUGA 
#REF!,ON,MISSISSAUGA 
#REF!,ON,MAPLE 
#REF!,ON,UNIONVILLE 
#REF!,ON,UNIONVILLE 
#REF!,ON,UNIONVILLE 
#REF!,ON,UNIONVILLE 
#REF!,ON,OAKVILLE 
#REF!,ON,OAKVILLE 
#REF!,ON,OAKVILLE 
#REF!,ON,OAKVILLE 
#REF!,ON,OAKVILLE 
#REF!,ON,BRAMPTON 
#REF!,ON,BRAMPTON 
#REF!,ON,BRAMPTON 
#REF!,ON,BRAMPTON 
#REF!,ON,BRAMPTON 
#REF!,ON,BRAMPTON 
#REF!,ON,BRAMPTON 
#REF!,ON,BRAMPTON 
#REF!,ON,BRAMPTON 
#REF!,ON,BRAMPTON 
#REF!,ON,KING CITY 
#REF!,ON,CALEDON 
#REF!,ON,CALEDON 
#REF!,ON,GEORGETOWN 
#REF!,ON,ACTON 
#REF!,ON,CALEDON 
#REF!,ON,BURLINGTON 
#REF!,ON,BURLINGTON 
#REF!,ON,BURLINGTON 
#REF!,ON,BURLINGTON 
#REF!,ON,BURLINGTON 
#REF!,ON,BURLINGTON 
#REF!,ON,BURLINGTON 
#REF!,ON,STONEY CREEK 
#REF!,ON,STONEY CREEK 
#REF!,ON,STONEY CREEK 
#REF!,ON,HAMILTON 
#REF!,ON,STONEY CREEK 
#REF!,ON,HAMILTON 
#REF!,ON,HAMILTON 
#REF!,ON,HAMILTON 
#REF!,ON,HAMILTON 
#REF!,ON,HAMILTON 
#REF!,ON,HAMILTON 
#REF!,ON,HAMILTON 
#REF!,ON,HAMILTON 
#REF!,ON,HAMILTON 
#REF!,ON,HAMILTON 
#REF!,ON,HAMILTON 
#REF!,ON,HAMILTON 
#REF!,ON,HAMILTON 
#REF!,ON,HAMILTON 
#REF!,ON,BARRIE 
#REF!,ON,HAMILTON 
#REF!,ON,PORT PERRY 
#REF!,ON,PENETANGUISHENE 
#REF!,ON,EAST GWILLIMBURY 
#REF!,ON,UXBRIDGE 
#REF!,ON,ALLISTON 
#REF!,ON,INNISFIL 
#REF!,ON,MILTON 
#REF!,ON,SHELBURNE 
#REF!,ON,ORANGEVILLE 
#REF!,ON,COLLINGWOOD 
#REF!,ON,WASAGA BEACH 
#REF!,ON,TORONTO WEST 
#REF!,ON,TORONTO WEST 
#REF!,ON,NEWMARKET 
#REF!,ON,NEWMARKET 
#REF!,ON,NEWMARKET 
#REF!,ON,TORONTO WEST 
#REF!,ON,TORONTO WEST 
#REF!,ON,BARRIE 
#REF!,ON,BARRIE 
#REF!,ON,BARRIE 
#REF!,ON,TORONTO WEST 
#REF!,ON,TORONTO WEST 
#REF!,ON,HAMILTON 
#REF!,ON,HAMILTON 
#REF!,ON,OTTAWA 
#REF!,ON,TORONTO 
#REF!,ON,TORONTO 
#REF!,ON,TORONTO 
#REF!,ON,SCARBOROUGH 
#REF!,ON,SCARBOROUGH 
#REF!,ON,SCARBOROUGH 
#REF!,ON,SCARBOROUGH 
#REF!,ON,SCARBOROUGH 
#REF!,ON,SCARBOROUGH 
#REF!,ON,SCARBOROUGH 
#REF!,ON,SCARBOROUGH 
#REF!,ON,SCARBOROUGH 
#REF!,ON,TORONTO 
#REF!,ON,TORONTO 
#REF!,ON,TORONTO 
#REF!,ON,SCARBOROUGH 
#REF!,ON,TORONTO 
#REF!,ON,WILLOWDALE 
#REF!,ON,SCARBOROUGH 
#REF!,ON,WILLOWDALE 
#REF!,ON,WILLOWDALE 
#REF!,ON,WILLOWDALE 
#REF!,ON,WILLOWDALE 
#REF!,ON,NORTH YORK 
#REF!,ON,WILLOWDALE 
#REF!,ON,TORONTO 
#REF!,ON,TORONTO 
#REF!,ON,TORONTO 
#REF!,ON,TORONTO 
#REF!,ON,TORONTO 
#REF!,ON,TORONTO 
#REF!,ON,TORONTO 
#REF!,ON,TORONTO 
#REF!,ON,TORONTO 
#REF!,ON,NORTH YORK 
#REF!,ON,NORTH YORK 
#REF!,ON,TORONTO 
#REF!,ON,TORONTO 
#REF!,ON,TORONTO 
#REF!,ON,TORONTO 
#REF!,ON,TORONTO 
#REF!,ON,TORONTO 
#REF!,ON,TORONTO 
#REF!,ON,TORONTO 
#REF!,ON,TORONTO 
#REF!,ON,TORONTO 
#REF!,ON,TORONTO 
#REF!,ON,TORONTO 
#REF!,ON,TORONTO 
#REF!,ON,TORONTO 
#REF!,ON,TORONTO 
#REF!,ON,TORONTO 
#REF!,ON,TORONTO 
#REF!,ON,TORONTO 
#REF!,ON,TORONTO 
#REF!,ON,TORONTO 
#REF!,ON,TORONTO 
#REF!,ON,TORONTO 
#REF!,ON,TORONTO 
#REF!,ON,TORONTO 
#REF!,ON,TORONTO 
#REF!,ON,TORONTO 
#REF!,ON,TORONTO 
#REF!,ON,TORONTO 
#REF!,ON,TORONTO 
#REF!,ON,TORONTO 
#REF!,ON,TORONTO 
#REF!,ON,TORONTO 
#REF!,ON,TORONTO 
#REF!,ON,TORONTO 
#REF!,ON,TORONTO 
#REF!,ON,TORONTO 
#REF!,ON,TORONTO 
#REF!,ON,TORONTO 
#REF!,ON,TORONTO 
#REF!,ON,TORONTO 
#REF!,ON,TORONTO 
#REF!,ON,TORONTO 
#REF!,ON,TORONTO 
#REF!,ON,NORTH YORK 
#REF!,ON,NORTH YORK 
#REF!,ON,TORONTO 
#REF!,ON,TORONTO 
#REF!,ON,TORONTO 
#REF!,ON,TORONTO 
#REF!,ON,TORONTO 
#REF!,ON,MISSISSAUGA 
#REF!,ON,TORONTO 
#REF!,ON,ETOBICOKE 
#REF!,ON,ETOBICOKE 
#REF!,ON,ETOBICOKE 
#REF!,ON,ETOBICOKE 
#REF!,ON,ETOBICOKE 
#REF!,ON,ETOBICOKE 
#REF!,ON,ETOBICOKE 
#REF!,ON,ETOBICOKE 
#REF!,ON,TORONTO 
#REF!,ON,TORONTO 
#REF!,ON,YORK 
#REF!,ON,YORK 
#REF!,ON,YORK 
#REF!,ON,ETOBICOKE 
#REF!,ON,ETOBICOKE 
#REF!,ON,TORONTO WEST 
#REF!,ON,DUNNVILLE 
#REF!,ON,GUELPH 
#REF!,ON,GUELPH 
#REF!,ON,GUELPH 
#REF!,ON,GUELPH 
#REF!,ON,GUELPH 
#REF!,ON,GUELPH 
#REF!,ON,FERGUS 
#REF!,ON,KITCHENER 
#REF!,ON,KITCHENER 
#REF!,ON,KITCHENER 
#REF!,ON,KITCHENER 
#REF!,ON,KITCHENER 
#REF!,ON,KITCHENER 
#REF!,ON,KITCHENER 
#REF!,ON,KITCHENER 
#REF!,ON,KITCHENER 
#REF!,ON,KITCHENER 
#REF!,ON,KITCHENER 
#REF!,ON,KITCHENER 
#REF!,ON,KITCHENER 
#REF!,ON,KITCHENER 
#REF!,ON,KITCHENER 
#REF!,ON,KITCHENER 
#REF!,ON,KITCHENER 
#REF!,ON,KITCHENER 
#REF!,ON,KITCHENER 
#REF!,ON,KINCARDINE 
#REF!,ON,NEW HAMBURG 
#REF!,ON,ELMIRA 
#REF!,ON,KITCHENER 
#REF!,ON,KITCHENER 
#REF!,ON,KITCHENER 
#REF!,ON,BRANTFORD 
#REF!,ON,BRANTFORD 
#REF!,ON,BRANTFORD 
#REF!,ON,BRANTFORD 
#REF!,ON,BRANTFORD 
#REF!,ON,BRANTFORD 
#REF!,ON,CALEDONIA 
#REF!,ON,SIMCOE 
#REF!,ON,DELHI 
#REF!,ON,TILLSONBURG 
#REF!,ON,OWEN SOUND 
#REF!,ON,MEAFORD 
#REF!,ON,HANOVER 
#REF!,ON,WOODSTOCK 
#REF!,ON,WOODSTOCK 
#REF!,ON,WOODSTOCK 
#REF!,ON,LISTOWEL 
#REF!,ON,ST MARYS 
#REF!,ON,STRATFORD 
#REF!,ON,STRATFORD 
#REF!,ON,INGERSOLL 
#REF!,ON,AYLMER 
#REF!,ON,PORT STANLEY 
#REF!,ON,ST THOMAS 
#REF!,ON,ST THOMAS 
#REF!,ON,LONDON 
#REF!,ON,LONDON 
#REF!,ON,LONDON 
#REF!,ON,LONDON 
#REF!,ON,LONDON 
#REF!,ON,LONDON 
#REF!,ON,LONDON 
#REF!,ON,LONDON 
#REF!,ON,LONDON 
#REF!,ON,LONDON 
#REF!,ON,LONDON 
#REF!,ON,LONDON 
#REF!,ON,LONDON 
#REF!,ON,LONDON 
#REF!,ON,LONDON 
#REF!,ON,LONDON 
#REF!,ON,LONDON 
#REF!,ON,GODERICH 
#REF!,ON,STRATHROY 
#REF!,ON,CHATHAM 
#REF!,ON,CHATHAM 
#REF!,ON,SARNIA 
#REF!,ON,SARNIA 
#REF!,ON,SARNIA 
#REF!,ON,SARNIA 
#REF!,ON,SARNIA 
#REF!,ON,WALLACEBURG 
#REF!,ON,LEAMINGTON 
#REF!,ON,ESSEX 
#REF!,ON,WINDSOR 
#REF!,ON,WINDSOR 
#REF!,ON,WINDSOR 
#REF!,ON,WINDSOR 
#REF!,ON,WINDSOR 
#REF!,ON,WINDSOR 
#REF!,ON,WINDSOR 
#REF!,ON,WINDSOR 
#REF!,ON,WINDSOR 
#REF!,ON,WINDSOR 
#REF!,ON,WINDSOR 
#REF!,ON,WINDSOR 
#REF!,ON,WINDSOR 
#REF!,ON,WINDSOR 
#REF!,ON,WINDSOR 
#REF!,ON,WINDSOR 
#REF!,ON,WINDSOR 
#REF!,ON,AMHERSTBURG 
#REF!,ON,KINGSVILLE 
#REF!,ON,HAMILTON 
#REF!,ON,KITCHENER 
#REF!,ON,OWEN SOUND 
#REF!,ON,HAMILTON 
#REF!,ON,KITCHENER 
#REF!,ON,OWEN SOUND 
#REF!,ON,LONDON 
#REF!,ON,KITCHENER 
#REF!,ON,LONDON 
#REF!,ON,LONDON 
#REF!,ON,LONDON 
#REF!,ON,LONDON 
#REF!,ON,LONDON 
#REF!,ON,NORTH BAY 
#REF!,ON,NORTH BAY 
#REF!,ON,NORTH BAY 
#REF!,ON,HUNTSVILLE 
#REF!,ON,BRACEBRIDGE 
#REF!,ON,GRAVENHURST 
#REF!,ON,PARRY SOUND 
#REF!,ON,STURGEON FALLS 
#REF!,ON,KIRKLAND LAKE 
#REF!,ON,SUDBURY 
#REF!,ON,SUDBURY 
#REF!,ON,SUDBURY 
#REF!,ON,SUDBURY 
#REF!,ON,SUDBURY 
#REF!,ON,GARSON 
#REF!,ON,VAL CARON 
#REF!,ON,HANMER 
#REF!,ON,LIVELY 
#REF!,ON,TIMMINS 
#REF!,ON,TIMMINS 
#REF!,ON,TIMMINS 
#REF!,ON,ELLIOT LAKE 
#REF!,ON,ESPANOLA 
#REF!,ON,KAPUSKASING 
#REF!,ON,SAULT STE. MARIE 
#REF!,ON,SAULT STE. MARIE 
#REF!,ON,SAULT STE. MARIE 
#REF!,ON,THUNDER BAY 
#REF!,ON,THUNDER BAY 
#REF!,ON,THUNDER BAY 
#REF!,ON,THUNDER BAY 
#REF!,ON,THUNDER BAY 
#REF!,ON,THUNDER BAY 
#REF!,ON,THUNDER BAY 
#REF!,ON,THUNDER BAY 
#REF!,ON,DRYDEN 
#REF!,ON,SIOUX LOOKOUT 
#REF!,ON,FORT FRANCES 
#REF!,ON,KENORA 
#REF!,ON,BARRIE 
#REF!,ON,BARRIE 
#REF!,ON,BARRIE 
#REF!,ON,BARRIE 
#REF!,ON,BARRIE 
#REF!,ON,NORTH BAY 
#REF!,ON,SUDBURY 
#REF!,ON,SUDBURY 
#REF!,ON,TIMMINS 
#REF!,ON,SUDBURY 
#REF!,ON,TIMMINS 
#REF!,ON,SUDBURY 
#REF!,ON,SUDBURY 
#REF!,ON,SAULT STE. MARIE 
#REF!,ON,THUNDER BAY 
#REF!,ON,DRYDEN 
#REF!,ON,DRYDEN 
#REF!,ON,DRYDEN 
#REF!,MB,WINNIPEG 
#REF!,MB,SELKIRK 
#REF!,MB,SELKIRK 
#REF!,MB,WINNIPEG 
#REF!,MB,PORTAGE LA PRAIRIE 
#REF!,MB,WINNIPEG 
#REF!,MB,WINNIPEG 
#REF!,MB,WINNIPEG 
#REF!,MB,WINNIPEG 
#REF!,MB,WINNIPEG 
#REF!,MB,WINNIPEG 
#REF!,MB,WINNIPEG 
#REF!,MB,WINNIPEG 
#REF!,MB,WINNIPEG 
#REF!,MB,WINNIPEG 
#REF!,MB,WINNIPEG 
#REF!,MB,WINNIPEG 
#REF!,MB,WINNIPEG 
#REF!,MB,WINNIPEG 
#REF!,MB,WINNIPEG 
#REF!,MB,WINNIPEG 
#REF!,MB,WINNIPEG 
#REF!,MB,WINNIPEG 
#REF!,MB,WINNIPEG 
#REF!,MB,WINNIPEG 
#REF!,MB,WINNIPEG 
#REF!,MB,WINNIPEG 
#REF!,MB,WINNIPEG 
#REF!,MB,WINNIPEG 
#REF!,MB,WINNIPEG 
#REF!,MB,WINNIPEG 
#REF!,MB,WINNIPEG 
#REF!,MB,WINNIPEG 
#REF!,MB,WINNIPEG 
#REF!,MB,WINNIPEG 
#REF!,MB,WINNIPEG 
#REF!,MB,WINNIPEG 
#REF!,MB,WINNIPEG 
#REF!,MB,WINNIPEG 
#REF!,MB,WINNIPEG 
#REF!,MB,WINNIPEG 
#REF!,MB,WINNIPEG 
#REF!,MB,WINNIPEG 
#REF!,MB,WINNIPEG 
#REF!,MB,WINNIPEG 
#REF!,MB,WINNIPEG 
#REF!,MB,STEINBACH 
#REF!,MB,STE ANNE 
#REF!,MB,MORDEN 
#REF!,MB,WINKLER 
#REF!,MB,BRANDON 
#REF!,MB,BRANDON 
#REF!,MB,BRANDON 
#REF!,MB,DAUPHIN 
#REF!,MB,FLIN FLON 
#REF!,MB,THOMPSON 
#REF!,MB,THE PAS 
#REF!,MB,WINNIPEG 
#REF!,MB,WINNIPEG 
#REF!,MB,WINNIPEG 
#REF!,MB,WINNIPEG 
#REF!,MB,WINNIPEG 
#REF!,MB,WINNIPEG 
#REF!,MB,BRANDON 
#REF!,MB,BRANDON 
#REF!,MB,BRANDON 
#REF!,MB,BRANDON 
#REF!,SK,BUENA VISTA 
#REF!,SK,YORKTON 
#REF!,SK,ESTEVAN 
#REF!,SK,WEYBURN 
#REF!,SK,REGINA 
#REF!,SK,REGINA 
#REF!,SK,REGINA 
#REF!,SK,REGINA 
#REF!,SK,REGINA 
#REF!,SK,REGINA 
#REF!,SK,REGINA 
#REF!,SK,REGINA 
#REF!,SK,REGINA 
#REF!,SK,REGINA 
#REF!,SK,REGINA 
#REF!,SK,REGINA 
#REF!,SK,MOOSE JAW 
#REF!,SK,MOOSE JAW 
#REF!,SK,MOOSE JAW 
#REF!,SK,PRINCE ALBERT 
#REF!,SK,PRINCE ALBERT 
#REF!,SK,PRINCE ALBERT 
#REF!,SK,SASKATOON 
#REF!,SK,SASKATOON 
#REF!,SK,SASKATOON 
#REF!,SK,SASKATOON 
#REF!,SK,SASKATOON 
#REF!,SK,SASKATOON 
#REF!,SK,SASKATOON 
#REF!,SK,SASKATOON 
#REF!,SK,SASKATOON 
#REF!,SK,SASKATOON 
#REF!,SK,SASKATOON 
#REF!,SK,SASKATOON 
#REF!,SK,NORTH BATTLEFORD 
#REF!,SK,SWIFT CURRENT 
#REF!,SK,LLOYDMINSTER 
#REF!,SK,MEADOW LAKE 
#REF!,SK,YORKTON 
#REF!,SK,REGINA 
#REF!,SK,SASKATOON 
#REF!,SK,REGINA 
#REF!,SK,REGINA 
#REF!,SK,SASKATOON 
#REF!,SK,SASKATOON 
#REF!,SK,SASKATOON 
#REF!,SK,SASKATOON 
#REF!,SK,SWIFT CURRENT 
#REF!,MB,WINNIPEG 
#REF!,AB,MEDICINE HAT 
#REF!,AB,MEDICINE HAT 
#REF!,AB,MEDICINE HAT 
#REF!,AB,TABER 
#REF!,AB,LETHBRIDGE 
#REF!,AB,LETHBRIDGE 
#REF!,AB,LETHBRIDGE 
#REF!,AB,BANFF 
#REF!,AB,COALDALE 
#REF!,AB,STRATHMORE 
#REF!,AB,BROOKS 
#REF!,AB,OKOTOKS 
#REF!,AB,HIGH RIVER 
#REF!,AB,CANMORE 
#REF!,AB,CALGARY 
#REF!,AB,CALGARY 
#REF!,AB,CALGARY 
#REF!,AB,CALGARY 
#REF!,AB,CALGARY 
#REF!,AB,CALGARY 
#REF!,AB,CALGARY 
#REF!,AB,CALGARY 
#REF!,AB,CALGARY 
#REF!,AB,CALGARY 
#REF!, 0,CALGARY AB
#REF!, 0,CALGARY AB
#REF!,AB,CALGARY 
#REF!,AB,CALGARY 
#REF!,AB,CALGARY 
#REF!,AB,CALGARY 
#REF!,AB,CALGARY 
#REF!,AB,CALGARY 
#REF!,AB,CALGARY 
#REF!,AB,CALGARY 
#REF!,AB,CALGARY 
#REF!,AB,CALGARY 
#REF!,AB,CALGARY 
#REF!,AB,CALGARY 
#REF!,AB,CALGARY 
#REF!, 0,CALGARY AB
#REF!,AB,CALGARY 
#REF!,AB,CALGARY 
#REF!,AB,CALGARY 
#REF!,AB,CALGARY 
#REF!,AB,CALGARY 
#REF!,AB,CALGARY 
#REF!,AB,CALGARY 
#REF!,AB,CALGARY 
#REF!,AB,CALGARY 
#REF!,AB,CALGARY 
#REF!,AB,CALGARY 
#REF!,AB,CALGARY 
#REF!,AB,AIRDRIE 
#REF!,AB,AIRDRIE 
#REF!,AB,COCHRANE 
#REF!,AB,RED DEER COUNTY 
#REF!,AB,INNISFAIL 
#REF!,AB,OLDS 
#REF!,AB,PONOKA 
#REF!,AB,LACOMBE 
#REF!,AB,RED DEER 
#REF!,AB,RED DEER 
#REF!,AB,RED DEER 
#REF!,AB,RED DEER COUNTY 
#REF!,AB,ROCKY MOUNTAIN HOUSE 
#REF!,AB,CAMROSE 
#REF!,AB,NISKU 
#REF!,AB,EDMONTON 
#REF!,AB,EDMONTON 
#REF!,AB,EDMONTON 
#REF!,AB,EDMONTON 
#REF!,AB,EDMONTON 
#REF!,AB,EDMONTON 
#REF!,AB,EDMONTON 
#REF!,AB,EDMONTON 
#REF!,AB,EDMONTON 
#REF!,AB,EDMONTON 
#REF!,AB,EDMONTON 
#REF!,AB,EDMONTON 
#REF!,AB,EDMONTON 
#REF!,AB,EDMONTON 
#REF!,AB,EDMONTON 
#REF!,AB,EDMONTON 
#REF!,AB,EDMONTON 
#REF!,AB,EDMONTON 
#REF!,AB,EDMONTON 
#REF!,AB,EDMONTON 
#REF!,AB,EDMONTON 
#REF!,AB,EDMONTON 
#REF!,AB,EDMONTON 
#REF!,AB,EDMONTON 
#REF!,AB,EDMONTON 
#REF!,AB,EDMONTON 
#REF!,AB,EDMONTON 
#REF!,AB,EDMONTON 
#REF!,AB,EDMONTON 
#REF!,AB,EDMONTON 
#REF!,AB,EDMONTON 
#REF!,AB,EDMONTON 
#REF!,AB,EDMONTON 
#REF!,AB,EDMONTON 
#REF!,AB,EDMONTON 
#REF!,AB,EDMONTON 
#REF!,AB,EDMONTON 
#REF!,AB,EDMONTON 
#REF!,AB,DRAYTON VALLEY 
#REF!,AB,EDSON 
#REF!,AB,BARRHEAD 
#REF!,AB,WESTLOCK 
#REF!,AB,WHITECOURT 
#REF!,AB,HINTON 
#REF!,AB,SPRUCE GROVE 
#REF!,AB,SPRUCE GROVE 
#REF!,AB,STONY PLAIN 
#REF!,AB,SHERWOOD PARK 
#REF!,AB,SHERWOOD PARK 
#REF!,AB,SHERWOOD PARK 
#REF!,AB,SHERWOOD PARK 
#REF!,AB,SHERWOOD PARK 
#REF!,AB,SHERWOOD PARK 
#REF!,AB,FORT SASKATCHEWAN 
#REF!,AB,ST. ALBERT 
#REF!,AB,MORINVILLE 
#REF!,AB,PEACE RIVER 
#REF!,AB,ST. ALBERT 
#REF!,AB,GRANDE PRAIRIE 
#REF!,AB,GRANDE PRAIRIE 
#REF!,AB,GRANDE PRAIRIE 
#REF!,AB,WETASKIWIN 
#REF!,AB,VEGREVILLE 
#REF!,AB,NISKU 
#REF!,AB,DEVON 
#REF!,AB,FORT MCMURRAY 
#REF!,AB,FORT MCMURRAY 
#REF!,AB,FORT MCMURRAY 
#REF!,AB,COLD LAKE 
#REF!,AB,BONNYVILLE 
#REF!,AB,ATHABASCA 
#REF!,SK,LLOYDMINSTER 
#REF!,AB,WAINWRIGHT 
#REF!,AB,VERMILION 
#REF!,AB,EDMONTON 
#REF!,AB,EDMONTON 
#REF!,AB,EDMONTON 
#REF!,AB,EDMONTON 
#REF!,AB,EDMONTON 
#REF!,AB,GRANDE PRAIRIE 
#REF!,AB,CALGARY 
#REF!,AB,LETHBRIDGE 
#REF!,AB,CALGARY 
#REF!,AB,CALGARY 
#REF!,AB,EDMONTON 
#REF!,AB,EDMONTON 
#REF!,AB,EDMONTON 
#REF!,AB,EDMONTON 
#REF!,BC,KIMBERLEY 
#REF!,BC,VERNON 
#REF!,BC,CRANBROOK 
#REF!,BC,SALMON ARM 
#REF!,BC,DAWSON CREEK 
#REF!,BC,VERNON 
#REF!,BC,FORT ST. JOHN 
#REF!,BC,MERRITT 
#REF!,BC,NELSON 
#REF!,BC,SURREY 
#REF!,BC,CASTLEGAR 
#REF!,BC,KELOWNA 
#REF!,BC,TRAIL 
#REF!,BC,KAMLOOPS 
#REF!,BC,VERNON 
#REF!,BC,KELOWNA 
#REF!,BC,KELOWNA 
#REF!,BC,KELOWNA 
#REF!,BC,KELOWNA 
#REF!,BC,KELOWNA 
#REF!,BC,PENTICTON 
#REF!,BC,KAMLOOPS 
#REF!,BC,KAMLOOPS 
#REF!,BC,KAMLOOPS 
#REF!,BC,WILLIAMS LAKE 
#REF!,BC,KAMLOOPS 
#REF!,BC,QUESNEL 
#REF!,BC,PRINCE GEORGE 
#REF!,BC,PRINCE GEORGE 
#REF!,BC,PRINCE GEORGE 
#REF!,BC,PRINCE GEORGE 
#REF!,BC,CHILLIWACK 
#REF!,BC,CHILLIWACK 
#REF!,BC,ABBOTSFORD 
#REF!,BC,ABBOTSFORD 
#REF!,BC,MISSION 
#REF!,BC,MAPLE RIDGE 
#REF!,BC,MAPLE RIDGE 
#REF!,BC,LANGLEY 
#REF!,BC,LANGLEY 
#REF!,BC,LANGLEY 
#REF!,BC,PORT COQUITLAM 
#REF!,BC,PORT COQUITLAM 
#REF!,BC,PORT COQUITLAM 
#REF!,BC,ABBOTSFORD 
#REF!,BC,PORT MOODY 
#REF!,BC,COQUITLAM 
#REF!,BC,COQUITLAM 
#REF!,BC,NEW WESTMINSTER 
#REF!,BC,NEW WESTMINSTER 
#REF!,BC,NEW WESTMINSTER 
#REF!,BC,SURREY 
#REF!,BC,SURREY 
#REF!,BC,SURREY 
#REF!,BC,SURREY 
#REF!,BC,SURREY 
#REF!,BC,SURREY 
#REF!,BC,MAPLE RIDGE 
#REF!,BC,WHITE ROCK 
#REF!,BC,WHITE ROCK 
#REF!,BC,DELTA 
#REF!,BC,DELTA 
#REF!,BC,DELTA 
#REF!,BC,DELTA 
#REF!,BC,DELTA 
#REF!,BC,DELTA 
#REF!,BC,SURREY 
#REF!,BC,WHITE ROCK 
#REF!,BC,MAPLE RIDGE 
#REF!,BC,MISSION 
#REF!,BC,KELOWNA 
#REF!,BC,LAKE COUNTRY 
#REF!,BC,LANGLEY 
#REF!,BC,ABBOTSFORD 
#REF!,BC,CHILLIWACK 
#REF!,BC,BURNABY 
#REF!,BC,BURNABY 
#REF!,BC,BURNABY 
#REF!,BC,NEW WESTMINSTER 
#REF!,BC,BURNABY 
#REF!,BC,BURNABY 
#REF!,BC,BURNABY 
#REF!,BC,VANCOUVER 
#REF!,BC,VANCOUVER 
#REF!,BC,VANCOUVER 
#REF!,BC,VANCOUVER 
#REF!,BC,VANCOUVER 
#REF!,BC,VANCOUVER 
#REF!,BC,VANCOUVER 
#REF!,BC,VANCOUVER 
#REF!,BC,VANCOUVER 
#REF!,BC,VANCOUVER 
#REF!,BC,VANCOUVER 
#REF!,BC,VANCOUVER 
#REF!,BC,VANCOUVER 
#REF!,BC,VANCOUVER 
#REF!,BC,VANCOUVER 
#REF!,BC,VANCOUVER 
#REF!,BC,VANCOUVER 
#REF!,BC,VANCOUVER 
#REF!,BC,VANCOUVER 
#REF!,BC,VANCOUVER 
#REF!,BC,VANCOUVER 
#REF!,BC,VANCOUVER 
#REF!,BC,VANCOUVER 
#REF!,BC,VANCOUVER 
#REF!,BC,VANCOUVER 
#REF!,BC,VANCOUVER 
#REF!,BC,VANCOUVER 
#REF!,BC,VANCOUVER 
#REF!,BC,RICHMOND 
#REF!,BC,RICHMOND 
#REF!,BC,RICHMOND 
#REF!,BC,RICHMOND 
#REF!,BC,VANCOUVER 
#REF!,BC,RICHMOND 
#REF!,BC,RICHMOND 
#REF!,BC,RICHMOND 
#REF!,BC,RICHMOND 
#REF!,BC,NORTH VANCOUVER 
#REF!,BC,NORTH VANCOUVER 
#REF!,BC,NORTH VANCOUVER 
#REF!,BC,NORTH VANCOUVER 
#REF!,BC,NORTH VANCOUVER 
#REF!,BC,NORTH VANCOUVER 
#REF!,BC,NORTH VANCOUVER 
#REF!,BC,NORTH VANCOUVER 
#REF!,BC,NORTH VANCOUVER 
#REF!,BC,WEST VANCOUVER 
#REF!,BC,WEST VANCOUVER 
#REF!,BC,WEST VANCOUVER 
#REF!,BC,WEST VANCOUVER 
#REF!,BC,VANCOUVER 
#REF!,BC,VAN 
#REF!,BC,POWELL RIVER 
#REF!,BC,SQUAMISH 
#REF!,BC,KITIMAT 
#REF!,BC,TERRACE 
#REF!,BC,PRINCE RUPERT 
#REF!,BC,SALT SPRING ISLAND 
#REF!,BC,SIDNEY 
#REF!,BC,CENTRAL SAANICH 
#REF!,BC,VICTORIA 
#REF!,BC,VICTORIA 
#REF!,BC,VICTORIA 
#REF!,BC,VICTORIA 
#REF!,BC,VICTORIA 
#REF!,BC,VICTORIA 
#REF!,BC,VICTORIA 
#REF!, 0,VICTORIA BC
#REF!, 0,VICTORIA BC
#REF!, 0,VICTORIA BC
#REF!,BC,VICTORIA 
#REF!,BC,VICTORIA 
#REF!,BC,VICTORIA 
#REF!, 0,VICTORIA BC
#REF!,BC,LADYSMITH 
#REF!,BC,CAMPBELL RIVER 
#REF!,BC,COURTENAY 
#REF!,BC,QUALICUM BEACH 
#REF!,BC,DUNCAN 
#REF!,BC,COURTENAY 
#REF!,BC,COURTENAY 
#REF!,BC,PARKSVILLE 
#REF!,BC,NANAIMO 
#REF!,BC,NANAIMO 
#REF!,BC,NANAIMO 
#REF!,BC,NANAIMO 
#REF!,BC,CAMPBELL RIVER 
#REF!,BC,NANAIMO 
#REF!,BC,PORT ALBERNI 
#REF!,BC,SOOKE 
#REF!,BC,KAMLOOPS 
#REF!,BC,CRANBROOK 
#REF!,BC,DAWSON CREEK 
#REF!,BC,KAMLOOPS 
#REF!,BC,CASTLEGAR 
#REF!,BC,KELOWNA 
#REF!,BC,PRINCE GEORGE 
#REF!,BC,KAMLOOPS 
#REF!,BC,WILLIAMS LAKE 
#REF!,BC,VANCOUVER 
#REF!,BC,VANCOUVER 
#REF!,BC,CAMPBELL RIVER 
#REF!,BC,VICTORIA 
#REF!,BC,VICTORIA 
#REF!,BC,VANCOUVER 
#REF!,BC,PRINCE RUPERT 
#REF!,YT,WHITEHORSE 
#REF!,BC,VANCOUVER 